codigo_mun,mun,prov,pob,renta_med,pobreza_pc,pobreza_menores_pc,pobreza_mayores_pc,precio_alquiler,jubilados_pc,parados_pc,monoparental_pc,extranjeros_pc,estudios_sup_pc,menores_pc,mayores_pc
03001,"Atzúbia, l'",Alicante,625,16450,29.7,NA,NA,NA,24.05,11.9,NA,44.16,26.82,7.52,34.72
03002,Agost,Alicante,4909,14350,23.9,32.3,19.2,2.88659793814433,19.22287476201635,20.245980605356884,10.129310344827584,9.778600529639435,21.489039122684584,15.44268486453453,20.205834182114483
03003,Agres,Alicante,582,17150,12.7,NA,NA,NA,22.46,11.64,NA,8.76,30.86,12.03,25.6
03004,Aigües,Alicante,1045,15750,24.6,NA,NA,NA,16.8,17.349999999999998,NA,28.799999999999997,40.489999999999995,13.97,18.95
03005,Albatera,Alicante,12704,12950,31.4,43.2,18.4,2.99145299145299,13.357916177269038,19.458193633301068,10.398050365556458,21.852537783375315,19.251000692757813,19.199028652392947,15.192105636020152
03006,Alcalalí,Alicante,1321,13650,28.8,NA,NA,NA,28.94,16.32,7.0754716981132075,58.209999999999994,26.590000000000003,6.890000000000001,41.18
03007,Alcocer de Planes,Alicante,245,17850,NA,NA,NA,NA,21.33,13.01,NA,16.73,31.109999999999996,8.16,24.08
03008,Alcoleja,Alicante,186,16450,NA,NA,NA,NA,37.28,14.29,NA,7.530000000000001,25.44,9.14,36.02
03009,Alcoy/Alcoi,Alicante,59187,15750,20.5,27,16.4,3.73784574719154,20.397541359000503,19.660903590348237,11.20280585929441,8.960037508236606,27.422934809182692,14.48461773700306,21.426858769662257
03010,Alfafara,Alicante,408,16450,NA,NA,NA,NA,21.61,14.14,NA,6.370000000000001,29.360000000000007,11.52,25.25
03011,"Alfàs del Pi, l'",Alicante,19615,13650,32.4,39.1,26.1,7.04641007100294,16.64710061634104,21.848330361296597,8.88610763454318,51.09433035941881,28.240504657778104,13.14905378536834,25.073267907213868
03012,Algorfa,Alicante,3459,12950,35.1,45,19.6,5.03968253968254,25.3,20.06,5.758157389635317,58.77,9.05,12.14,32.61
03013,Algueña,Alicante,1339,13650,27.1,NA,NA,NA,21.13,24.91,11.475409836065571,7.62,14.96,15.160000000000002,25.84
03014,Alicante/Alacant,Alicante,338768,15750,28,37.8,18.2,5.83333333333333,16.299399867474612,22.40703069286146,12.802613039579864,21.43823377650782,33.21014775150202,15.355128435979786,19.337971473102535
03015,Almoradí,Alicante,21303,11550,39.5,51.6,27.5,3.40909090909091,12.719766039852717,24.571369025274755,10.87144089732528,23.071831197483924,19.993507411177372,19.770414495610947,15.223835140590529
03016,Almudaina,Alicante,118,16100,NA,NA,NA,NA,33.33,15.22,NA,17.8,29.630000000000003,8.469999999999999,37.29
03017,"Alqueria d'Asnar, l'",Alicante,498,16450,NA,NA,NA,NA,14.519999999999998,8.99,NA,5.62,25.58,12.85,14.26
03018,Altea,Alicante,22810,14350,28.7,37.7,21.1,6.04150751209575,15.16307846590051,21.03306665180046,9.665038381018842,36.78282244629549,31.088628861212772,13.571650153441476,21.060342393686977
03019,Aspe,Alicante,21065,13650,28.4,33,26.6,3.54767723732316,15.487158863112446,22.586801779710747,8.716323296354991,8.929248041775455,23.541712338714063,17.726092095893662,17.3272978874911
03020,Balones,Alicante,134,15050,NA,NA,NA,NA,32,20.31,NA,13.43,29.59999999999999,6.72,31.340000000000003
03021,Banyeres de Mariola,Alicante,7103,16450,14.1,19.2,14,2.54666170265575,20.225170566449943,12.170385659003935,10.840108401084011,6.476419822610164,23.90137359509932,15.361298043080389,21.300458961002395
03022,Benasau,Alicante,167,19250,NA,NA,NA,NA,38.41,11.59,NA,5.390000000000001,33.11,9.58,38.32
03023,Beneixama,Alicante,1719,16450,17.5,NA,NA,NA,23.51,9.25,10.38961038961039,6.75,28.59,14.14,24.199999999999996
03024,Benejúzar,Alicante,5487,13650,30.8,43.8,20.5,3.31311925230463,17.189893709566373,22.420584739829874,9.577464788732394,13.576673956624749,19.27297377627376,15.928175687989793,19.264297430289776
03025,Benferri,Alicante,1934,14350,25.5,NA,NA,4.84188988095238,14.96,18.96,7.569721115537849,16.34,20.62,17.740000000000002,17.22
03026,Beniarbeig,Alicante,2237,14350,23.4,NA,NA,5.15147428982381,15.260000000000003,15.38,10.56105610561056,28.88,23.98,14.44,20.380000000000003
03027,Beniardá,Alicante,197,16450,NA,NA,NA,NA,30.64,11.9,NA,14.72,27.750000000000004,12.18,31.979999999999997
03028,Beniarrés,Alicante,1088,14350,20.9,NA,NA,NA,26.56,14.46,NA,6.890000000000001,20.119999999999997,7.26,30.15
03029,Benigembla,Alicante,477,13650,35.2,NA,NA,NA,31.05,10.74,NA,48.85,18.26,8.18,37.53
03030,Benidoleig,Alicante,1153,14350,28.1,NA,NA,3.8510781671159,24.56,13.26,7.017543859649122,45.1,22.43999999999999,10.32,30.530000000000005
03031,Benidorm,Alicante,68874,13650,32.8,45.6,19.5,7.01754385964912,17.590230211514484,28.08345169550126,9.932065217391305,33.181442343990476,19.060076870537817,12.88838618346546,21.525842117489912
03032,Benifallim,Alicante,102,23450,NA,NA,NA,NA,27.839999999999996,10.91,NA,0.98,43.3,4.9,27.45
03033,Benifato,Alicante,133,13650,NA,NA,NA,NA,27.639999999999997,19.3,NA,18.05,21.95,7.52,29.32
03034,Benijófar,Alicante,3303,13650,30,34.9,22.2,4.32835820895522,23.47,18.45,7.659574468085107,48.71,11.24,11.66,30.79
03035,Benilloba,Alicante,739,15750,19.7,NA,NA,NA,31.24,19.69,NA,6.77,27.65,9.47,32.879999999999995
03036,Benillup,Alicante,102,21350,NA,NA,NA,NA,26.14,8.93,NA,2.94,34.089999999999996,13.73,18.63
03037,Benimantell,Alicante,496,14350,NA,NA,NA,5.73770491803279,24.83,17.24,NA,25.2,31.209999999999997,11.49,24.4
03038,Benimarfull,Alicante,398,17150,NA,NA,NA,NA,28.770000000000003,10,NA,9.8,27.950000000000003,8.290000000000001,29.65
03039,Benimassot,Alicante,97,NA,NA,NA,NA,NA,NA,NA,NA,NA,NA,NA,NA
03040,Benimeli,Alicante,411,14350,NA,NA,NA,NA,24.93,16.86,NA,30.9,30.409999999999997,11.19,34.55
03041,Benissa,Alicante,11517,14350,27.2,35.2,20,3.68421052631579,17.17754995271569,18.35123773310128,9.105304829770388,38.110593036381005,20.161355446582427,13.311207779803768,24.686030216202138
03042,"Benitachell/Poble Nou de Benitatxell, el",Alicante,4481,13650,33,48.3,20.3,4.60526315789474,21.54,14.82,7.589285714285714,60.52,12.86,12.05,32.36
03043,Biar,Alicante,3632,16450,13.4,17.9,15,3.36439989186608,20.245638181948532,13.975705445516173,8.625336927223719,4.9826982378854625,28.403587804563045,15.28165473568282,21.641957599118943
03044,Bigastro,Alicante,6972,13650,28.3,39.6,14,2.85912117773531,15.790050458285776,22.7935708552911,10.37735849056604,18.029107860011475,21.011986015397337,17.616549053356284,15.687621916236372
03045,Bolulla,Alicante,424,11550,NA,NA,NA,NA,20.51,19.02,NA,42.69,23.85,8.02,29.01
03046,Busot,Alicante,3191,14350,26.4,33.3,18.7,NA,17.14,18.52,8.735632183908047,35.57,29.08,13.35,23.06
03047,Calp,Alicante,23593,13650,32.6,43.8,23,5.91788650619564,15.661215354183872,23.854058754170858,8.71951219512195,50.96735345229517,16.16264512523055,13.519997033018267,23.6540423006824
03048,Callosa d'en Sarrià,Alicante,7677,12950,32.4,40.6,21,3.24435387667238,16.534717910958168,20.172127404365455,10.743801652892564,27.57694021101993,19.24442885428948,15.463147062654684,18.731821023837437
03049,Callosa de Segura,Alicante,19274,12250,35.5,50.4,20.4,2.92134831460674,14.34618623837224,20.9062145094445,11.733490566037736,22.066564802324372,18.524888108931208,19.89544879111757,16.158273321573102
03050,"Campello, el",Alicante,29106,16450,23.7,30.9,18.5,7.08428648255037,16.80912759662212,18.02321629501461,11.72447484123107,23.500309558166705,33.10218825047946,14.381894111179824,20.929385350099636
03051,"Campo de Mirra/Camp de Mirra, el",Alicante,428,15050,NA,NA,NA,NA,17.87,15.42,NA,5.609999999999999,22.67,12.38,19.86
03052,Cañada,Alicante,1191,15750,20.8,NA,NA,NA,19.17,11.48,NA,5.12,25.919999999999995,15.45,21.83
03053,Castalla,Alicante,10798,15750,20.2,25,21.3,3,16.33961558108792,17.45569421928866,8.852867830423941,14.61375625115762,23.413360388839532,15.315434339692535,19.29034636043712
03054,Castell de Castells,Alicante,427,13650,NA,NA,NA,NA,31.879999999999995,15.03,NA,18.97,19.28,8.9,36.53
03055,Catral,Alicante,8940,12950,31.7,43.3,17.6,3.7037037037037,17.86825617463181,21.107549158018607,9.05829596412556,25.15471812080537,21.140968861789812,17.305108501118568,19.3145
03056,Cocentaina,Alicante,11459,15050,23.4,33.7,16.5,3.08219178082192,19.790458940836107,19.574800856152727,10.597014925373134,12.443680949472032,23.445424367228313,14.538122000174535,21.547013701021033
03057,Confrides,Alicante,278,11550,NA,NA,NA,NA,30.12,24.78,NA,23.380000000000003,21.69,10.43,32.37
03058,Cox,Alicante,7405,13650,28.9,43,14.7,3.12394530688603,15.59612004110385,15.111490364517865,12.292817679558013,18.16258879135719,17.17403751502892,18.608672518568536,15.421650236326808
03059,Crevillent,Alicante,29659,12950,32.9,44.8,21.3,3.15142942227516,16.212464296172143,25.886894025970115,10.717571297148114,14.066928756869752,16.79018348206437,17.70725412185171,17.155818132775885
03060,Quatretondeta,Alicante,117,14350,NA,NA,NA,NA,40.37,12.2,NA,6.84,24.77,6.84,42.74
03061,Daya Nueva,Alicante,1777,12950,29.1,NA,NA,NA,20.62,19.58,8.8,27.35,14.79,13.22,25.55
03062,Daya Vieja,Alicante,698,14350,25.1,NA,NA,NA,23.77,17.02,NA,63.04,22.84,7.16,39.97
03063,Dénia,Alicante,43126,14350,27.7,35.1,20,5.49450549450549,15.723963353739304,20.2947698895984,12.166766887151734,29.68794300422019,29.718384966132707,14.232370959513982,19.452728284561516
03064,Dolores,Alicante,7614,12250,36.2,51.7,23.7,3.125,15.990267448157525,23.07683122938886,11.203319502074688,18.50461255581823,15.767754720658704,17.28409246125558,18.019403729971103
03065,Elche/Elx,Alicante,235566,13650,28.8,35.4,23.7,4.52401383894519,15.042806872690122,23.74043834687979,11.542689629901062,14.059723856583718,23.02146097294064,16.386925065586716,17.461559860081675
03066,Elda,Alicante,52580,12950,31.6,43.3,21.9,3.67966862745098,19.616262712651043,26.674417093209737,12.28448275862069,9.22267896538608,20.05910892234018,14.496804868771395,21.553054012932677
03067,Facheca,Alicante,104,17150,NA,NA,NA,NA,34.31,20,NA,7.69,21.57,1.92,37.5
03068,Famorca,Alicante,45,NA,NA,NA,NA,NA,NA,NA,NA,NA,NA,NA,NA
03069,Finestrat,Alicante,7428,14350,30.1,36.4,22.9,6.56816220880069,12.065881672343648,21.380995031598165,9.048507462686567,44.79003500269251,23.868406457689336,16.568559504577276,15.518800484652669
03070,Formentera del Segura,Alicante,4380,11550,39.7,55.3,23.6,5.07692307692308,15.588919822017129,23.83280346091999,7.9288025889967635,40.27269178082192,14.814962007445017,14.474351598173516,22.055947488584472
03071,Gata de Gorgos,Alicante,6241,13650,31.4,43.8,23.6,3.03030303030303,16.069646202872757,16.393116918603308,11.417322834645669,24.914481653581156,21.49555094154062,14.35751802595738,20.15508251882711
03072,Gaianes,Alicante,519,15750,21.1,NA,NA,NA,23.13,19.58,NA,12.33,26.53,15.03,22.16
03073,Gorga,Alicante,262,18550,NA,NA,NA,NA,26.340000000000003,13.239999999999998,NA,7.249999999999999,26.340000000000003,7.249999999999999,27.860000000000003
03074,Granja de Rocamora,Alicante,2601,13650,28.6,38.7,13.4,4.66666666666667,16.35,18.04,10.855263157894736,19.61,16.59,18.42,15.840000000000002
03075,"Castell de Guadalest, el",Alicante,245,16450,NA,NA,NA,3.83597883597884,17.18,11.57,NA,28.57,32.16,7.35,21.63
03076,Guardamar del Segura,Alicante,15850,14350,28.7,37.1,20.2,5.58441558441558,19.406191227610083,21.28634247025767,9.664607237422771,34.131378548895896,21.853414247976133,14.20352429022082,23.544683280757106
03077,"Fondó de les Neus, el/Hondón de las Nieves",Alicante,2636,13650,29.1,34,21.7,3.60738422072183,27.55,19.89,7.75,37.41,15.659999999999998,9.41,34.9
03078,Hondón de los Frailes,Alicante,1284,13650,34.5,NA,NA,NA,30.2,22.6,6.565656565656566,53.74,23.119999999999997,9.74,38.940000000000005
03079,Ibi,Alicante,23692,16450,16.3,20,15.4,3.40468719749241,17.368485113118957,18.192254983782536,9.916434540389972,9.513042799257134,22.446381711738965,14.949966655411108,19.48359994934999
03080,Jacarilla,Alicante,1948,14350,26.5,NA,NA,4.13772305421823,20.23,19.21,9.615384615384617,18.99,20.35,13.71,22.9
03081,Xaló,Alicante,2935,13650,31.1,38.4,22.3,3.93258426966292,23.38714069529982,15.9505719308625,8.59106529209622,40.23446337308348,19.611529458747217,13.324701873935265,30.05298126064736
03082,Jávea/Xàbia,Alicante,28782,13650,32.9,40.8,21.8,5.77227361246349,17.182231316552016,18.38475071137252,9.268292682926829,48.78606524911403,17.9422573717028,14.148116878604682,23.4199124452783
03083,Jijona/Xixona,Alicante,6882,16450,18.5,27.1,12.7,3.2258064516129,22.579774495243367,16.082208129662185,13.227513227513228,9.489488520778844,19.53969805432703,13.962476024411508,22.376294681778553
03084,"Lorcha/Orxa, l'",Alicante,581,17150,14.9,NA,NA,NA,29.72,13.85,NA,7.23,19.63,7.920000000000001,34.599999999999994
03085,Llíber,Alicante,960,13650,29.9,NA,NA,NA,26.729999999999997,11.61,NA,63.54,15.590000000000002,8.44,36.35
03086,Millena,Alicante,243,15050,NA,NA,NA,NA,23.449999999999996,16.96,NA,24.69,26.11,7.000000000000001,29.63000000000001
03088,Monforte del Cid,Alicante,8543,14350,23.1,27.7,19,3.4184429270778,12.5137444274736,15.777281049985652,9.270833333333334,13.799353856958914,23.76131684071938,17.488278122439425,13.64668032307152
03089,Monóvar/Monòver,Alicante,12185,12950,30.9,38,24.3,2.88720139218478,19.14262177090023,26.683411318874743,9.817671809256662,9.010818219121871,15.890372828866514,14.779519901518258,21.7722535904801
03090,Mutxamel,Alicante,25798,16450,19.6,23.2,16.8,5.19480519480519,13.33953505410346,15.44844462028962,11.422924901185771,15.241327234669354,31.76721547725572,17.222371501666796,15.046817970385302
03091,Murla,Alicante,533,14350,29,NA,NA,NA,28.72000000000001,14.84,NA,48.41,21.49,9.19,39.21
03092,Muro de Alcoy,Alicante,9329,15050,22.3,32.3,15.9,3.07446091644205,16.45845882461989,15.344752612297611,10.4959630911188,10.709631257369493,24.49157096775109,17.27863329402937,17.78439060992604
03093,Novelda,Alicante,25578,14350,24.1,30.3,18.9,3.24074074074074,15.630791685521514,20.96647175811374,11.723656664340544,9.706541559152395,21.13531641259022,14.927436859801391,18.496830479318163
03094,"Nucia, la",Alicante,18180,15050,26.5,31,21.8,5,13.01426299302124,20.31057192872264,10.822701275846898,34.092914741474154,23.947097132107213,17.21252200220022,16.61193619361936
03095,Ondara,Alicante,7082,14350,27.1,33.2,21.8,4,15.219868043399144,19.56159261357754,11.16504854368932,21.20810646709969,22.290074268700813,15.742062976560296,18.004430951708557
03096,Onil,Alicante,7612,16450,17.3,20.8,14.2,3.19148936170213,19.2675190204596,16.935078854582823,8.505747126436782,10.3511035207567,19.747268678240506,14.976153441933793,19.876682869153967
03097,Orba,Alicante,2288,13650,29.1,NA,NA,3.85188564476886,28.51,17.150000000000002,8.333333333333334,47.510000000000005,32.28,11.84,35.31
03098,Orxeta,Alicante,821,16450,21.8,NA,NA,3.40909090909091,19.41,19.739999999999995,NA,22.78,28.77,12.79,23.510000000000005
03099,Orihuela,Alicante,78486,13650,31.9,43.5,20.3,4.01785714285714,19.903891985391667,18.89895016950693,9.228578824747606,34.14003987972377,18.355898149912505,14.623511581683356,23.201357821777133
03100,Parcent,Alicante,1004,13650,30.6,NA,NA,NA,26.450000000000003,16.939999999999998,NA,43.63,26.450000000000003,8.86,33.86
03101,Pedreguer,Alicante,7968,14350,26,34.2,19.6,3.96596420554754,18.141433233450652,16.86844699112185,9.35374149659864,27.6846109437751,29.34444989358803,14.207796184738957,22.190239708835342
03102,Pego,Alicante,10247,15050,23.6,32,18.8,3.36538461538462,20.97734938744669,15.068491509313317,10.961810466760962,18.84478091148629,23.64820433702678,13.009621352591004,25.959750170781692
03103,Penàguila,Alicante,278,15050,NA,NA,NA,NA,27.78,12.8,NA,8.99,27.78,9.35,30.94
03104,Petrer,Alicante,34055,13650,25.8,31.6,21.1,3.6554378082242,16.048435486159025,24.30075761792313,11.639597834493426,5.050601086477757,20.08829864468768,16.126597562766115,16.713479958890034
03105,"Pinós, el/Pinoso",Alicante,8150,12950,32.7,42.8,25.6,3.01724137931034,14.773576859031436,19.09603302293494,10.584958217270197,18.037077300613497,15.978279306280625,15.291638036809816,19.091604907975466
03106,Planes,Alicante,697,14350,18.5,NA,NA,NA,34.74,13.78,NA,12.63,20.56,7.89,34.58
03107,Polop,Alicante,5095,14350,28.9,35.3,20,4.13502109704641,13.578871924548062,19.994943481147125,10.142857142857142,33.27216879293425,23.98156159205124,17.01602551521099,16.038282630029443
03109,Rafal,Alicante,4583,12950,33.9,50.5,13,3.44827586206897,14.809719102065941,21.135092216515613,11.553030303030305,17.846879773074406,17.955702622984692,18.962751472834388,13.510429849443597
03110,"Ràfol d'Almúnia, el",Alicante,674,15050,22.1,NA,NA,NA,22.780000000000005,13.41,NA,42.58,34.17,11.42,31.16
03111,Redován,Alicante,8025,12950,31.7,40.7,15.7,3.03061224489796,14.936263113228565,21.65337389312312,11.098265895953755,15.437227414330218,18.1538611032338,17.83108909657321,14.714644236760122
03112,Relleu,Alicante,1184,14350,29.9,NA,NA,NA,25.949999999999996,18.24,8.474576271186441,36.74,21.02,9.21,31.33
03113,Rojales,Alicante,16295,12250,37.7,53.2,20.9,4.91803278688525,24.038684308491348,19.9760530005766,5.458248472505091,68.0819791347039,7.733819298873777,10.02775207118748,37.56266032525314
03114,"Romana, la",Alicante,2530,12250,34.2,44.4,28.1,NA,22,20.53,9.6045197740113,24.62,16.03,12.69,27.71
03115,Sagra,Alicante,427,14350,NA,NA,NA,NA,28.980000000000004,17.580000000000002,NA,33.96,26.369999999999997,10.3,36.07
03116,Salinas,Alicante,1643,14350,23.7,NA,NA,NA,17.919999999999998,21.59,8.771929824561404,17.83,17.919999999999998,14.06,21.24
03117,Sanet y Negrals,Alicante,692,14350,27.9,NA,NA,NA,23.200000000000003,15.15,NA,35.980000000000004,25.92,9.68,35.260000000000005
03118,San Fulgencio,Alicante,8823,12250,38.5,53.8,24.8,3.1697159006396,31.611335047246147,22.06970486653561,5,66.07932335940157,8.57559695348408,8.568082284937097,42.845209112546755
03119,Sant Joan d'Alacant,Alicante,24354,17150,21.8,25.9,17.6,5.20833333333333,15.926372529981265,17.476447563846445,12.728602779809805,18.10010593742301,37.04096575185723,16.22776012154061,18.21472448057814
03120,San Miguel de Salinas,Alicante,6662,12250,38.7,51.9,24,3.125,24.17369246973851,20.327829113535127,7.594936708860759,53.887581807265086,11.679513063805878,13.136313419393575,29.676341939357545
03121,Santa Pola,Alicante,34453,14350,29.2,34.8,25.2,5.57081807081807,14.265556818282583,22.85513474613895,10.67753001715266,23.153144864017648,24.17030755030772,15.615860157315764,18.308540330305053
03122,San Vicente del Raspeig/Sant Vicent del Raspeig,Alicante,58925,15750,20.3,24.7,16.2,5.3616546213056004,12.903198268559956,18.36918999708624,11.559696342305038,10.856704115400934,29.842480445344343,16.9978179041154,15.20634518455664
03123,Sax,Alicante,9933,13650,25.8,32.6,25.3,3.21428571428571,15.71910954706908,21.998661766117007,10.31941031941032,8.032921574549482,16.665059544560364,15.78568307661331,18.514765931742673
03124,Sella,Alicante,579,16450,18.9,NA,NA,NA,23.06,9.96,NA,12.26,31.380000000000003,8.64,27.81
03125,Senija,Alicante,606,14350,31.4,NA,NA,NA,17.31,20.77,NA,33.5,19.62,14.19,21.95
03127,Tàrbena,Alicante,634,12950,34,NA,NA,NA,23.71,17.560000000000002,NA,37.7,21.649999999999995,8.200000000000001,32.81
03128,Teulada,Alicante,11608,12950,34.5,44.4,22.8,5.14623634688775,18.497769987662465,18.12544189253035,8.706166868198308,56.5655522053756,20.537458411636944,12.174803583735354,28.935777911784974
03129,Tibi,Alicante,1698,17150,15.6,NA,NA,NA,19.85,14.8,8.73015873015873,15.61,27.36,11.31,23.44
03130,Tollos,Alicante,39,NA,NA,NA,NA,NA,NA,NA,NA,NA,NA,NA,NA
03131,Tormos,Alicante,331,15750,NA,NA,NA,NA,32.01,11.02,NA,39.879999999999995,24.75,8.459999999999999,36.86
03132,"Torremanzanas/Torre de les Maçanes, la",Alicante,687,13650,26.9,NA,NA,NA,24.68,18.42,NA,18.63,28.18,8.59,28.239999999999995
03133,Torrevieja,Alicante,83740,11550,41.7,54.7,26.9,5.40540540540541,18.11340729254165,30.552243176556903,9.892657793044226,46.005773943157386,14.005408456822025,14.349323501313592,23.277771196560785
03134,"Vall d'Alcalà, la",Alicante,165,14000,NA,NA,NA,NA,30.25999999999999,15.85,NA,10.3,26.97,7.88,35.76
03135,"Vall d'Ebo, la",Alicante,207,17850,NA,NA,NA,NA,24.14,17.7,NA,13.04,29.06,1.93,32.37
03136,Vall de Gallinera,Alicante,505,15050,26.9,NA,NA,NA,29.41,11.26,NA,19.01,27.889999999999997,9.11,32.87
03137,"Vall de Laguar, la",Alicante,848,14350,28.2,NA,NA,NA,29.69,18.67,NA,18.16,28.520000000000003,9.43,36.559999999999995
03138,"Verger, el",Alicante,4856,13650,28.5,39.6,22.4,4.39243027888446,18.79480410407377,18.972984402946473,12.65625,23.087874794069194,18.578566171695744,14.663084843492587,21.991046128500823
03139,"Villajoyosa/Vila Joiosa, la",Alicante,34719,14350,26.9,37.7,19.3,5.74712643678161,14.988480823655207,24.948187924327357,11.096196868008947,22.682701690716897,23.335304021454313,14.963206601572626,18.211331259540884
03140,Villena,Alicante,33992,14350,24.8,33.7,20.5,3.33333333333333,17.30031624713032,21.57533151557877,10.695364238410596,9.408649976465052,23.88724773076442,16.044315721346198,18.649719639915276
03901,"Poblets, els",Alicante,2724,15050,24.4,28.9,17.5,NA,21.97,16.18,7.529411764705882,50.92000000000001,28.32,10.43,36.42
03902,Pilar de la Horadada,Alicante,22626,13650,29.4,40,19.4,4.33685320182962,16.511616432231833,16.69503800361351,8.628244017526121,40.24394148324936,14.735908895089166,16.266275965703173,21.45263634756475
03903,"Montesinos, Los",Alicante,5115,13650,31.9,42.3,21.5,4.164855466203,19.537502702485614,19.994555296554633,9.449929478138223,37.1624926686217,15.00799734938872,14.138146627565984,22.975519061583576
03904,San Isidro,Alicante,2139,13650,29.5,NA,NA,4.44701646090535,11.23,21.72,11.636363636363637,16.08,14.580000000000002,17.580000000000002,13.28
12001,Atzeneta del Maestrat,Castellón/Castelló,1292,17150,17,NA,NA,NA,30.95,9.01,10.052910052910052,9.91,24.59,11.22,31.730000000000004
12002,Aín,Castellón/Castelló,136,19250,NA,NA,NA,NA,31.25,7.040000000000001,NA,5.88,41.41,5.88,33.09
12003,Albocàsser,Castellón/Castelló,1262,15050,21.4,NA,NA,3.04947329537493,27.76,9.03,8.13953488372093,14.26,19.799999999999997,12.36,27.73
12004,Alcalà de Xivert,Castellón/Castelló,6877,13650,27.5,41.3,17.2,3.88888888888889,22.04137980151378,17.055089703806424,10.252808988764045,28.512387669041733,18.77722869848847,14.103676021521014,24.226648247782464
12005,"Alcora, l'",Castellón/Castelló,10450,18550,12,18,9.3,2.83174031777557,16.744574623825105,14.680206901404333,9.576427255985267,8.554328229665071,20.293037921897984,15.206224880382774,19.155947368421053
12006,Alcudia de Veo,Castellón/Castelló,197,17150,NA,NA,NA,NA,23.91,13.33,NA,4.569999999999999,22.28,6.6000000000000005,27.920000000000005
12007,Alfondeguilla,Castellón/Castelló,871,16450,16.4,NA,NA,NA,25.75,10.74,NA,4.130000000000001,25.75,12.17,25.72
12008,Algimia de Almonacid,Castellón/Castelló,239,14350,NA,NA,NA,3.64121640313061,33.62,17.119999999999997,NA,10.88,20.52,4.18,41
12009,Almassora,Castellón/Castelló,26890,16450,19.6,27,14.3,3.85281836374577,14.321760526216332,14.38106111571623,10.713286713286712,16.719765340275195,22.73294656878892,18.37910487169952,14.4770721457791
12010,Almedíjar,Castellón/Castelló,254,17150,NA,NA,NA,NA,30.42,11.38,NA,7.090000000000001,27.92,5.510000000000001,33.07
12011,Almenara,Castellón/Castelló,6253,17150,13.4,19.2,9.4,4.96764466002747,19.98778245918831,9.06029435968948,11.03448275862069,11.514121221813529,25.508504014838724,15.114394690548538,18.82128098512714
12012,Altura,Castellón/Castelló,3676,15050,23.9,33.2,21.6,3.08641975308642,19.21997868423131,14.08734194893156,12.719298245614034,12.42958922742111,23.074494087239653,16.646852557127314,20.56458922742111
12013,Arañuel,Castellón/Castelló,151,14350,NA,NA,NA,NA,28.570000000000004,16.39,NA,9.93,21.77,2.65,39.739999999999995
12014,Ares del Maestrat,Castellón/Castelló,175,17150,NA,NA,NA,NA,36.36,7.95,NA,2.86,24.24,5.71,38.86
12015,Argelita,Castellón/Castelló,147,17850,NA,NA,NA,NA,23.13,10.26,NA,11.56,32.09,8.84,25.17
12016,Artana,Castellón/Castelló,1963,17150,13.9,NA,NA,2.84090909090909,24.515706404597733,5.528056490713258,13.017751479289942,6.113815588385126,18.354480466949433,13.956067244014266,22.870804890473764
12017,Ayódar,Castellón/Castelló,158,17150,NA,NA,NA,NA,37.330000000000005,11.59,NA,3.16,21.33,5.06,41.77
12018,Azuébar,Castellón/Castelló,320,15750,NA,NA,NA,NA,28.52,15.44,NA,3.44,19.93,9.06,28.749999999999993
12020,Barracas,Castellón/Castelló,186,14350,NA,NA,NA,NA,24.53,9.89,NA,16.669999999999998,28.299999999999997,14.52,22.040000000000003
12021,Betxí,Castellón/Castelló,5649,17850,11,14.6,9.2,3.13897488820089,20.088551979954524,7.120151101208122,9.482758620689657,7.488472295981589,22.66045499511716,14.074368914852188,19.879148521862277
12022,Bejís,Castellón/Castelló,388,15050,NA,NA,NA,NA,30.48,11.56,NA,4.9,25.64,9.54,32.22
12024,Benafer,Castellón/Castelló,174,14350,NA,NA,NA,NA,19.869999999999997,22.830000000000005,NA,4.6,26.28,10.34,20.69
12025,Benafigos,Castellón/Castelló,146,16100,NA,NA,NA,NA,37.59000000000001,7.69,NA,9.59,16.31,3.42,42.47
12026,Benassal,Castellón/Castelló,1056,17150,17.6,NA,NA,2.26651763537009,27.229999999999997,9.64,NA,9.85,21.53,12.03,29.26
12027,Benicarló,Castellón/Castelló,27625,14350,27.8,42.4,14.9,4.4921595127718,18.57012529832551,16.894148459007422,10.83183722321963,23.626714932126696,23.389857878287476,16.86179076923077,18.9249614479638
12028,Benicasim/Benicàssim,Castellón/Castelló,19003,22050,12.8,16.1,9.5,6.07119095143047,16.340082485626397,11.37557234982778,10.292983808789517,16.346941009314317,50.77702272468536,15.266396884702417,17.880406777877177
12029,Benlloc,Castellón/Castelló,1075,15050,20.3,NA,NA,NA,22.99,11.46,NA,21.95,16.830000000000002,15.44,22.23
12031,Borriol,Castellón/Castelló,5550,19250,13.4,18.8,11.9,4.04761904761905,15.599888974341596,13.232430464027388,10.610932475884244,10.939742342342342,32.640512542091564,17.18901081081081,15.277825225225229
12032,Borriana/Burriana,Castellón/Castelló,34842,15750,21.9,31.3,13.4,3.75,18.104816814755292,14.464327585291434,11.180738786279685,18.014452098042593,27.62454760406131,16.60107743527926,17.760094713277077
12033,Cabanes,Castellón/Castelló,3010,15750,22.9,28.1,21.3,3.33010273308781,23.24968514774592,14.100712686094209,8.393285371702637,21.76065780730897,20.965064475893424,15.546740863787376,22.756607973421925
12034,Càlig,Castellón/Castelló,2026,14350,22.1,NA,NA,3.02122114668652,22.5,14.94,9.090909090909092,18.76,19.46,14.02,24.53
12036,Canet lo Roig,Castellón/Castelló,682,14350,19.5,NA,NA,NA,35.91,15.47,NA,9.24,19.44,11,33.58
12037,Castell de Cabres,Castellón/Castelló,22,NA,NA,NA,NA,NA,NA,NA,NA,NA,NA,NA,NA
12038,Castellfort,Castellón/Castelló,179,15050,NA,NA,NA,NA,39.35,7.41,NA,1.68,16.77,13.41,36.870000000000005
12039,Castellnovo,Castellón/Castelló,912,17150,14.9,NA,NA,NA,29.38,13.43,NA,3.62,25.42,8.55,30.92
12040,Castelló de la Plana,Castellón/Castelló,172637,17850,18.5,26,11.3,4.46860183467326,17.756810413462823,17.33958763918058,12.179553176155668,18.694354628497944,32.060307176341915,15.604626180946148,19.082283693530357
12041,Castillo de Villamalefa,Castellón/Castelló,105,18550,NA,NA,NA,NA,41.18,8.16,NA,4.760000000000001,20.59,2.8600000000000003,40
12042,Catí,Castellón/Castelló,717,15750,13.6,NA,NA,NA,35.589999999999996,4.36,NA,8.649999999999999,19.84,11.44,33.75
12043,Caudiel,Castellón/Castelló,664,15050,24.9,NA,NA,2.97192548202189,26.53,16.17,NA,7.380000000000001,25.869999999999997,9.19,30.270000000000003
12044,Cervera del Maestre,Castellón/Castelló,590,15050,22,NA,NA,NA,29.869999999999997,13.88,NA,23.22,20.04,6.950000000000002,35.08
12045,Cinctorres,Castellón/Castelló,404,17150,NA,NA,NA,NA,29.23,7.109999999999999,NA,4.7,24.36,13.61,26.49
12046,Cirat,Castellón/Castelló,211,15750,NA,NA,NA,NA,27.750000000000004,14.16,NA,8.53,22.01,0.95,32.23
12048,Cortes de Arenoso,Castellón/Castelló,293,16450,NA,NA,NA,NA,23.31,9.49,NA,6.4799999999999995,16.54,9.22,27.3
12049,Costur,Castellón/Castelló,532,17850,10.3,NA,NA,NA,16.96,12.55,NA,5.08,24.449999999999996,14.66,21.8
12050,"Coves de Vinromà, les",Castellón/Castelló,1789,15750,22.3,NA,NA,2.93103448275862,28.21,14.2,8.870967741935484,21.35,19.65,13.81,27.61
12051,Culla,Castellón/Castelló,509,15750,NA,NA,NA,NA,38.940000000000005,6.94,NA,6.4799999999999995,17.02,7.66,39.489999999999995
12052,Xert,Castellón/Castelló,686,15750,14.6,NA,NA,NA,33.12,7.169999999999999,NA,13.989999999999998,24.04,8.450000000000001,32.940000000000005
12053,Chilches/Xilxes,Castellón/Castelló,2793,15750,17.7,23.9,11.4,4.63692307692308,21.782970432865863,9.936756764924215,10.945273631840797,14.359967776584318,22.36382100909777,13.535080558539208,20.94361976369495
12055,Chodos/Xodos,Castellón/Castelló,108,18550,NA,NA,NA,NA,31.430000000000003,0,NA,0.93,33.33,2.7799999999999994,30.56
12056,Chóvar,Castellón/Castelló,303,14350,NA,NA,NA,NA,24.2,15.540000000000004,NA,4.62,21.709999999999997,7.259999999999999,28.050000000000004
12057,Eslida,Castellón/Castelló,747,17150,18.8,NA,NA,NA,23.93,8.469999999999999,NA,9.64,28.07,12.72,23.56
12058,Espadilla,Castellón/Castelló,84,NA,NA,NA,NA,NA,NA,NA,NA,NA,NA,NA,NA
12059,Fanzara,Castellón/Castelló,273,19250,NA,NA,NA,NA,33.07,12.28,NA,5.489999999999999,22.050000000000004,6.959999999999999,34.07
12060,Figueroles,Castellón/Castelló,527,18550,13.5,NA,NA,NA,23.109999999999996,12.69,NA,5.5,16.85,12.14,21.82
12061,Forcall,Castellón/Castelló,452,17150,NA,NA,NA,NA,26.67,4.63,NA,11.06,22.47,10.4,28.1
12063,Fuente la Reina,Castellón/Castelló,49,NA,NA,NA,NA,NA,NA,NA,NA,NA,NA,NA,NA
12064,Fuentes de Ayódar,Castellón/Castelló,92,NA,NA,NA,NA,NA,NA,NA,NA,NA,NA,NA,NA
12065,Gaibiel,Castellón/Castelló,187,13300,NA,NA,NA,NA,32.96,15.29,NA,4.81,13.41,4.279999999999999,40.64
12067,Geldo,Castellón/Castelló,627,15050,21.6,NA,NA,NA,25.130000000000003,18.45,NA,7.659999999999999,19.75,11.16,27.43
12068,Herbers,Castellón/Castelló,53,NA,NA,NA,NA,NA,NA,NA,NA,NA,NA,NA,NA
12069,Higueras,Castellón/Castelló,50,NA,NA,NA,NA,NA,NA,NA,NA,NA,NA,NA,NA
12070,"Jana, la",Castellón/Castelló,665,12950,28.9,NA,NA,NA,33.39,12.89,NA,14.44,25.99,12.63,30.380000000000003
12071,Jérica,Castellón/Castelló,1649,15750,19.9,NA,NA,3.39889062021388,23.983037557198376,15.056904819009562,NA,7.523862947240751,23.294710234880316,12.007107337780472,25.83404487568223
12072,Llucena/Lucena del Cid,Castellón/Castelló,1311,18550,14.5,NA,NA,2.83825988067656,27.16,12.69,7.425742574257426,8.309999999999999,21.31,10.14,29.14
12073,Ludiente,Castellón/Castelló,154,15050,NA,NA,NA,NA,29.29,15.15,NA,7.1400000000000015,23.57,9.09,33.12
12074,"Llosa, la",Castellón/Castelló,980,15750,16.1,NA,NA,5.55555555555556,22.88,8.4,NA,6.94,12.590000000000002,15.71,22.35
12075,"Mata de Morella, la",Castellón/Castelló,167,15750,NA,NA,NA,NA,22.07,1.09,NA,20.96,32.41,13.170000000000002,17.37
12076,Matet,Castellón/Castelló,73,NA,NA,NA,NA,NA,NA,NA,NA,NA,NA,NA,NA
12077,Moncofa,Castellón/Castelló,6955,15750,21.5,31.1,13,5.28169014084507,19.30315582275325,12.458954184839738,9.781576448243117,16.17481380301941,27.25673962800065,14.868283249460818,19.048559309849033
12078,Montán,Castellón/Castelló,363,15750,NA,NA,NA,NA,38.440000000000005,9.85,NA,3.03,15.02,8.260000000000002,43.25
12079,Montanejos,Castellón/Castelló,551,15750,22,NA,NA,3.88963779469745,22.489999999999995,12.45,NA,15.25,23.930000000000003,11.25,25.590000000000003
12080,Morella,Castellón/Castelló,2455,18550,11.3,NA,NA,3.81396259522537,26.73355349245883,6.469201646717772,NA,12.665437881873729,27.38394723916826,12.381771894093689,26.598411405295316
12081,Navajas,Castellón/Castelló,772,15750,20,NA,NA,4.29349669433238,24.38,18.48,NA,10.1,29.2,11.27,27.200000000000003
12082,Nules,Castellón/Castelló,13434,16450,19.1,29.9,12.4,3.41181084038304,19.944252422034783,9.505316363751897,10.845070422535212,13.60109498287926,24.06870540316562,16.623894595801698,19.37785618579723
12083,Olocau del Rey,Castellón/Castelló,117,15750,NA,NA,NA,NA,37,2.04,NA,11.97,17,14.53,32.48
12084,Onda,Castellón/Castelló,24955,17150,16,23.4,12.6,3.62637362637363,15.96367050429151,15.041214311735448,10.433689503456945,13.245047084752557,22.939640128720455,16.986405529953917,16.88978561410539
12085,Oropesa del Mar/Orpesa,Castellón/Castelló,9642,13650,32.3,46.9,20.3,5.71428571428571,15.86312278519489,23.440468521184073,8.55397148676171,34.75360713544908,22.244513420930133,16.118597801286043,18.084555071561915
12087,Palanques,Castellón/Castelló,36,NA,NA,NA,NA,NA,NA,NA,NA,NA,NA,NA,NA
12088,Pavías,Castellón/Castelló,72,NA,NA,NA,NA,NA,NA,NA,NA,NA,NA,NA,NA
12089,Peníscola/Peñíscola,Castellón/Castelló,7901,14350,27.4,39.7,14.3,4.3859649122807,20.769154172780546,21.631525330870016,8.333333333333334,30.285492975572712,24.19391731489212,15.048801417542084,23.427643336286547
12090,Pina de Montalgrao,Castellón/Castelló,116,16450,NA,NA,NA,NA,35.19,7.27,NA,3.45,24.07,6.9,37.93
12091,Portell de Morella,Castellón/Castelló,181,16450,NA,NA,NA,NA,44.31,17.330000000000002,NA,2.21,20.36,7.73,40.33
12092,Puebla de Arenoso,Castellón/Castelló,159,15750,NA,NA,NA,NA,39.190000000000005,17.19,NA,6.29,24.32,6.92,41.510000000000005
12093,"Pobla de Benifassà, la",Castellón/Castelló,214,16450,NA,NA,NA,NA,21.24,5.93,NA,12.15,32.12,9.81,23.36
12094,"Pobla Tornesa, la",Castellón/Castelló,1244,19950,12.7,NA,NA,NA,15.56,9.73,NA,8.36,31.119999999999997,19.94,15.03
12095,Ribesalbes,Castellón/Castelló,1158,18550,10.1,NA,NA,NA,22.21,11.71,NA,5.96,16.04,13.3,25.22
12096,Rossell,Castellón/Castelló,900,13650,23,NA,NA,NA,30.299999999999997,16.3,NA,8.559999999999999,18.1,9.78,29.89
12097,Sacañet,Castellón/Castelló,58,NA,NA,NA,NA,NA,NA,NA,NA,NA,NA,NA,NA
12098,"Salzadella, la",Castellón/Castelló,683,15750,20.1,NA,NA,NA,32.29,9.46,NA,12.740000000000002,20.1,11.13,30.889999999999997
12099,Sant Jordi/San Jorge,Castellón/Castelló,1073,16450,19.3,NA,NA,4.48056629644239,25.52,14.42,6.741573033707865,32.25,23.330000000000005,10.53,29.73
12100,Sant Mateu,Castellón/Castelló,1955,16450,20.1,NA,NA,2.72139498432602,26.385593105162116,10.558862759888244,NA,18.517780051150893,24.802271793958298,16.2669462915601,23.7341074168798
12101,San Rafael del Río,Castellón/Castelló,469,13650,NA,NA,NA,NA,29.1,14.95,NA,12.79,14.43,12.79,30.92
12102,Santa Magdalena de Pulpis,Castellón/Castelló,762,13650,27.9,NA,NA,NA,27.200000000000003,14.45,NA,18.9,16.38,15.09,26.119999999999997
12103,"Serratella, la",Castellón/Castelló,93,18550,NA,NA,NA,NA,NA,NA,NA,NA,NA,NA,NA
12104,Segorbe,Castellón/Castelló,9175,15750,20.5,28.6,14.5,3.24229059284057,20.50996474705159,14.443800103379475,11.764705882352942,12.710425068119893,26.87659121673597,14.604661580381473,21.809186920980924
12105,Sierra Engarcerán,Castellón/Castelló,995,15750,17.3,NA,NA,NA,29.430000000000003,7.550000000000001,NA,8.44,19.62,9.85,29.95
12106,Soneja,Castellón/Castelló,1477,16450,15,NA,NA,3.09501889717996,23.28,14.21,11.428571428571429,6.5,26.68,14.22,24.440000000000005
12107,Sot de Ferrer,Castellón/Castelló,428,17150,NA,NA,NA,NA,21.82,12.44,NA,7.71,29.87,10.05,29.44
12108,Sueras/Suera,Castellón/Castelló,559,17850,16.6,NA,NA,NA,20.74,14.34,NA,6.800000000000001,22.79,12.88,24.33
12109,Tales,Castellón/Castelló,848,17850,12.7,NA,NA,2.84090909090909,19.11,12.68,NA,4.6,25.1,15.449999999999998,21.93
12110,Teresa,Castellón/Castelló,247,15750,NA,NA,NA,NA,36.17,10.91,NA,4.45,19.15,4.859999999999999,39.68
12111,Tírig,Castellón/Castelló,417,15050,NA,NA,NA,NA,35.010000000000005,11.11,NA,13.19,18.04,9.59,33.33
12112,Todolella,Castellón/Castelló,145,15750,NA,NA,NA,NA,28.35,10,NA,13.1,18.9,12.41,24.83
12113,Toga,Castellón/Castelló,101,15050,NA,NA,NA,NA,25.53,10.53,NA,6.93,26.6,6.93,26.729999999999997
12114,Torás,Castellón/Castelló,246,15750,NA,NA,NA,NA,24.23,13.64,NA,10.57,26.43,7.720000000000001,28.050000000000004
12115,"Toro, El",Castellón/Castelló,240,15750,NA,NA,NA,NA,35.65,11.01,NA,10,16.520000000000003,4.17,36.25
12116,Torralba del Pinar,Castellón/Castelló,63,NA,NA,NA,NA,NA,NA,NA,NA,NA,NA,NA,NA
12117,Torreblanca,Castellón/Castelló,5581,13650,28.9,42.5,15.4,3.48101265822785,20.752794335709723,18.750015685774834,8.280254777070065,24.331150331481812,15.481674529974256,14.012945708654364,22.11210535746282
12118,Torrechiva,Castellón/Castelló,93,NA,NA,NA,NA,NA,NA,NA,NA,NA,NA,NA,NA
12119,"Torre d'En Besora, la",Castellón/Castelló,166,16450,NA,NA,NA,NA,40.79,1.41,NA,5.42,13.82,8.43,38.55
12120,"Torre d'en Doménec, la",Castellón/Castelló,157,13650,NA,NA,NA,NA,42.67,6.67,NA,10.83,21.33,4.46,42.68
12121,Traiguera,Castellón/Castelló,1363,15050,17.3,NA,NA,NA,33.25,9.29,10.92896174863388,12.4,17.05,13.06,31.03
12122,"Useras/Useres, les",Castellón/Castelló,964,15750,20.8,NA,NA,NA,29.129999999999995,13.05,NA,13.07,16.97,9.54,32.05
12123,Vallat,Castellón/Castelló,59,NA,NA,NA,NA,NA,NA,NA,NA,NA,NA,NA,NA
12124,Vall d'Alba,Castellón/Castelló,2939,15050,21.5,27.3,11.9,3.125,21.736476311057608,14.678528097876296,7.723577235772358,21.77370874447091,17.352303737545522,15.478162640353862,20.82208234093229
12125,Vall de Almonacid,Castellón/Castelló,288,15750,NA,NA,NA,NA,19.48,10.96,NA,10.42,26.97,7.290000000000002,27.78
12126,"Vall d'Uixó, la",Castellón/Castelló,31587,16450,17.2,25.5,12.5,3.5344802270005,20.773945249409003,14.266433554994869,11.87666539779216,8.858098268274924,22.418294916416684,15.285381960933297,20.25548706746446
12127,Vallibona,Castellón/Castelló,67,NA,NA,NA,NA,NA,NA,NA,NA,NA,NA,NA,NA
12128,Vilafamés,Castellón/Castelló,1843,17850,10.8,NA,NA,3.4829261016761,21.19,11.98,8.171206225680933,10.15,25.27,14.979999999999997,20.35
12129,Vilafranca/Villafranca del Cid,Castellón/Castelló,2202,16450,14.2,NA,NA,2.99616061738626,31.142608178072425,10.834986832690811,12.5,6.811834695731154,18.931281665785814,11.48977293369664,28.199745685740236
12130,Villahermosa del Río,Castellón/Castelló,472,16450,NA,NA,NA,NA,32.72,12.21,NA,9.32,14.65,7.42,36.86
12131,Villamalur,Castellón/Castelló,98,NA,NA,NA,NA,NA,NA,NA,NA,NA,NA,NA,NA
12132,Vilanova d'Alcolea,Castellón/Castelló,582,17850,16.4,NA,NA,NA,29.959999999999997,9.44,NA,9.28,26.4,8.25,28.34999999999999
12133,Villanueva de Viver,Castellón/Castelló,81,NA,NA,NA,NA,NA,NA,NA,NA,NA,NA,NA,NA
12134,Vilar de Canes,Castellón/Castelló,173,12250,NA,NA,NA,NA,26.92,5.13,NA,8.09,13.46,9.83,29.48
12135,Vila-real,Castellón/Castelló,51113,17150,17.5,25.5,11.2,3.91698145604396,16.293602602956952,14.04587316767714,10.795991680847042,13.86987889577994,26.010848342396365,17.11170856729208,16.64736701034962
12136,"Vilavella, la",Castellón/Castelló,3112,17150,12.1,18.5,12.1,3.04761904761905,23.51693870823118,4.476424350721265,9.6916299559471355,2.056944087403599,23.887959113265183,13.23921915167095,24.35824871465296
12137,Villores,Castellón/Castelló,46,NA,NA,NA,NA,NA,NA,NA,NA,NA,NA,NA,NA
12138,Vinaròs,Castellón/Castelló,28916,15050,23.6,33.7,15.1,4.54545454545455,17.74673258237296,17.423725488432616,10.881542699724518,21.095213722506568,23.12203845242481,15.523414718494951,19.57011931110804
12139,Vistabella del Maestrat,Castellón/Castelló,341,17150,NA,NA,NA,NA,35.35,14.2,NA,5.57,25.16,7.920000000000001,33.14
12140,Viver,Castellón/Castelló,1657,14350,26.4,NA,NA,2.63748674849007,23.64,14.56,8.19672131147541,15.509999999999998,24.34,13.46,26.31
12141,Zorita del Maestrazgo,Castellón/Castelló,116,16450,NA,NA,NA,NA,28.429999999999996,1.79,NA,12.07,27.450000000000003,12.07,28.449999999999996
12142,Zucaina,Castellón/Castelló,174,14350,NA,NA,NA,NA,31.25,11.39,NA,9.77,21.25,8.05,33.910000000000004
12901,"Alqueries, les/Alquerías del Niño Perdido",Castellón/Castelló,4525,17850,13.5,18.6,8.8,3.96825396825397,20.933342200026217,8.029849481128323,10.4631217838765,8.8849591160221,24.656074591128153,16.90881546961326,19.868150276243096
12902,Sant Joan de Moró,Castellón/Castelló,3341,17150,16.2,23.4,10.6,2.92785698496905,15.007472590657196,14.06319940100507,6.981981981981982,14.52082609997007,22.382637322153773,20.026441185273868,14.367063753367256
46001,Ademuz,Valencia/Valéncia,1033,14350,28.1,NA,NA,2.14579659024103,21.14,17.419999999999998,NA,15.49,26.51,13.46,24.59
46002,Ador,Valencia/Valéncia,1767,15750,20.2,NA,NA,NA,18.54,12.2,12.5,17.32,26.96,12.68,21.17
46003,Atzeneta d'Albaida,Valencia/Valéncia,1148,15750,18,NA,NA,2.66962325736418,18.1,12.77,NA,5.66,25.1,12.89,22.91
46004,Agullent,Valencia/Valéncia,2368,15750,15.1,NA,NA,2.31465573262639,19.29,13.54,9.120521172638435,5.949999999999999,23.45,13.72,19.72
46005,Alaquàs,Valencia/Valéncia,29871,15750,19.9,26.7,18,5,16.16102071004323,19.10017113064592,12.659574468085106,9.039996317498575,22.8744125945702,15.506076462120452,19.35256904690167
46006,Albaida,Valencia/Valéncia,5962,15050,20.2,27.6,13.1,2.80373831775701,18.63391353597396,15.521043758639514,NA,12.043513921502852,24.15986257739292,14.674433076148944,19.74138376383764
46007,Albal,Valencia/Valéncia,16671,15750,19.2,24,16.8,4.54545454545455,11.261746409975093,16.798349466585076,12.473572938689218,9.08263031611781,25.937963891810107,17.647549637094354,13.196794433447304
46008,Albalat de la Ribera,Valencia/Valéncia,3346,15050,21.6,33.7,16.9,2.93689320388349,18.861082484380866,14.296357175310009,10.74561403508772,9.534734010759117,24.738701272414023,14.583622235505082,20.559937238493724
46009,Albalat dels Sorells,Valencia/Valéncia,4123,17850,12.6,15.9,11.9,4.72586441967566,18.167173160647486,12.229414881700157,13.08411214953271,8.633892796507398,31.93423867183139,15.620494785350472,19.644312393887947
46010,Albalat dels Tarongers,Valencia/Valéncia,1340,17850,17.8,NA,NA,NA,16.669999999999998,17.31,9.090909090909092,12.39,35.19,15.370000000000005,17.09
46011,Alberic,Valencia/Valéncia,10562,15050,26.1,39.1,16.1,3.04288382019474,17.357451495451336,15.270612322860446,11.133400200601804,13.527709714069308,24.495981031698644,17.089293694376064,18.47332796818784
46012,Alborache,Valencia/Valéncia,1296,16450,18.7,NA,NA,NA,17.65,16.21,11.11111111111111,10.8,27.72,13.43,21.22
46013,Alboraia/Alboraya,Valencia/Valéncia,24946,19950,13.4,15.8,10,6.75675675675676,14.464086725069098,12.057071831615854,12.20159151193634,14.356429487693417,44.45992451933351,16.579920227691815,15.910713541249097
46014,Albuixech,Valencia/Valéncia,4152,17850,15.9,22.7,16.4,4.47094882729211,17.644785805680186,15.926080792043866,11.152416356877325,10.9371387283237,29.991806585350865,15.509224470134876,21.17118978805395
46015,Alcàsser,Valencia/Valéncia,10280,16450,19.1,25.5,16.2,3.98058252427184,14.76605014933828,15.29147147582531,10.984848484848484,10.897060311284047,27.39693153468043,17.58855447470817,16.196871595330737
46016,Alcàntera de Xúquer,Valencia/Valéncia,1398,15050,20.5,NA,NA,2.99554444685938,21.26,10.16,13.157894736842104,9.37,18.36,13.52,21.6
46017,Alzira,Valencia/Valéncia,45088,15750,20.4,30.9,11.9,3.83940468514937,17.5108423231089,16.717330772771554,11.11111111111111,13.910938830731016,25.50530945452071,15.938061346699788,18.537310149041872
46018,Alcublas,Valencia/Valéncia,610,14350,23.4,NA,NA,NA,24.31,12.07,NA,3.61,21.02999999999999,4.92,33.44
46019,"Alcúdia, l'",Valencia/Valéncia,12200,16450,18.3,28.2,10.6,3.4,18.23217166563816,9.353736399476228,11.043412033511045,11.97701967213115,23.343676026241837,17.23944262295082,18.212082786885247
46020,"Alcúdia de Crespins, l'",Valencia/Valéncia,5139,15050,22.5,32.8,13.3,2.85714285714286,16.811001882636464,16.501097583744553,10.81081081081081,12.145526366997473,19.80913246321123,14.92494454173964,18.27378478303172
46021,Aldaia,Valencia/Valéncia,32348,15750,19.3,24.2,17.5,4.83870967741935,13.394325452001471,18.166900662882597,11.733952948010456,8.964595029058984,24.050523181366422,17.79176146902436,15.285765425992333
46022,Alfafar,Valencia/Valéncia,21380,14350,25.6,34.8,19.4,4.65116279069767,14.865740798451052,22.43240592654116,11.748013620885358,17.57327736202058,21.00368894103961,15.739911131898973,19.07391674462114
46023,Alfauir,Valencia/Valéncia,468,15400,NA,NA,NA,NA,17.07,8.94,NA,15.81,25,11.11,21.37
46024,Alfara de la Baronia,Valencia/Valéncia,589,15050,18.5,NA,NA,NA,17.669999999999998,13.73,NA,7.979999999999999,23.3,12.56,22.24
46025,Alfara del Patriarca,Valencia/Valéncia,3372,17850,13.4,17.3,10.5,6.4595589993782,16.732774666717912,11.727459784485172,11.860940695296524,13.999279359430608,36.01697270107972,15.27567615658363,16.309386120996443
46026,Alfarp,Valencia/Valéncia,1568,16450,14.2,NA,NA,3.26797385620915,17.68,9.21,13,6.890000000000001,26.25,15.94,18.81
46027,Alfarrasí,Valencia/Valéncia,1208,16450,16.5,NA,NA,NA,20.119999999999997,10.79,NA,9.27,19.53,15.23,21.61
46028,Algar de Palancia,Valencia/Valéncia,501,17150,NA,NA,NA,NA,24.77,9.88,NA,14.17,33.26,12.97,25.95
46029,Algemesí,Valencia/Valéncia,27308,15750,22.4,34.5,12.9,3.36538461538462,17.32351159213122,13.954947570912738,11.13861386138614,11.403923026219424,27.649863468488615,17.237193496411308,18.105065914750256
46030,Algímia d'Alfara,Valencia/Valéncia,1067,16450,16.4,NA,NA,NA,21.59,10.43,NA,10.31,27.26,14.06,24.27
46031,Alginet,Valencia/Valéncia,14054,15750,20.9,30.6,12.5,3.68686868686869,16.71816894823003,12.841652777845573,12.48012718600954,11.046125658175608,24.086423420159623,16.549022342393624,17.363892130354348
46032,Almàssera,Valencia/Valéncia,7479,17850,14.5,19.7,11.5,4.76190476190476,16.27833720888318,15.828434779567909,12.845138055222089,8.464277309800776,31.898903018256675,16.206109105495386,18.01024869634978
46033,Almiserà,Valencia/Valéncia,265,15050,NA,NA,NA,NA,20.43,9.7,NA,12.83,23.4,11.32,24.91
46034,Almoines,Valencia/Valéncia,2537,16450,17.1,NA,NA,3.93258426966292,18.04,15.71,11.009174311926603,10.76,26.77,18.72,16.12
46035,Almussafes,Valencia/Valéncia,8958,19250,11,14.3,8.7,3.7037037037037,16.572214737507995,12.10719448127994,10.87344028520499,9.588561062737218,30.97930193648282,16.945819379325744,17.26149698593436
46036,Alpuente,Valencia/Valéncia,661,15750,20.2,NA,NA,NA,34.9,8.9,NA,2.12,26.17,9.83,34.04
46037,"Alqueria de la Comtessa, l'",Valencia/Valéncia,1488,15750,19.2,NA,NA,NA,21.6,15.29,13.989637305699482,12.9,22.16,15.39,22.179999999999996
46038,Andilla,Valencia/Valéncia,313,17850,NA,NA,NA,NA,27.700000000000003,18.01,NA,7.989999999999999,25,5.43,28.119999999999997
46039,Anna,Valencia/Valéncia,2626,15750,18.5,NA,NA,2.42537313432836,23.045641805195967,9.426317781509594,9.826589595375722,9.36955826351866,20.942653279489814,11.274729626808837,27.687578065498855
46040,Antella,Valencia/Valéncia,1133,15050,17.4,NA,NA,NA,22.539999999999996,12.17,NA,6.529999999999999,21.749999999999996,11.12,27.889999999999997
46041,Aras de los Olmos,Valencia/Valéncia,374,15400,NA,NA,NA,NA,29.04,9.82,NA,5.88,29.94,10.7,33.42
46042,Aielo de Malferit,Valencia/Valéncia,4569,16450,13.5,20.1,8.1,2.39141982252218,16.41114899012162,8.93286553248617,10.394265232974911,10.900575618297225,21.03339261585909,15.716692930619391,17.28781571459838
46043,Aielo de Rugat,Valencia/Valéncia,167,18200,NA,NA,NA,NA,25.829999999999995,6.67,NA,13.77,27.81,9.58,29.94
46044,Ayora,Valencia/Valéncia,5237,15050,22.1,28.9,23.1,2.73203592814371,18.404366071244063,17.52809736687857,10.87962962962963,7.811269810960474,20.79764781482547,13.785077334351728,23.714132136719495
46045,Barxeta,Valencia/Valéncia,1595,16450,12.5,NA,NA,NA,22.38,10.85,8.737864077669903,9.53,22.97,14.29,23.200000000000003
46046,Barx,Valencia/Valéncia,1343,15750,21.4,NA,NA,NA,25.56,16.259999999999998,8.64864864864865,24.57,26.55,9.68,29.56
46047,Bèlgida,Valencia/Valéncia,655,15050,18.2,NA,NA,NA,19.43,10.65,NA,5.5,20.49,13.590000000000002,23.82
46048,Bellreguard,Valencia/Valéncia,4616,15750,20.8,31.6,14.9,3.62103174603175,18.6391395194557,15.385493611546725,11.424100156494523,13.278793327556324,27.379838066373424,14.46936958405546,19.30110268630849
46049,Bellús,Valencia/Valéncia,302,15050,NA,NA,NA,NA,21.820000000000004,14.96,NA,6.29,12.36,8.94,28.15
46050,Benagéber,Valencia/Valéncia,183,17850,NA,NA,NA,NA,21.59,5.26,NA,3.83,31.250000000000004,3.83,28.42
46051,Benaguasil,Valencia/Valéncia,11437,15050,22.9,31.7,17.5,3.9043818747011,16.074576574367462,18.126196841860622,11.869225302061125,12.16293608463758,24.058589117398125,15.20538777651482,18.507843840167876
46052,Benavites,Valencia/Valéncia,650,15750,18.5,NA,NA,NA,21.35,12.13,NA,6.460000000000002,22.95,13.54,24
46053,Beneixida,Valencia/Valéncia,639,18200,10.9,NA,NA,NA,19.75,8.19,NA,4.8500000000000005,30.8,13.62,18.15
46054,Benetússer,Valencia/Valéncia,15423,15050,22.9,30.3,18.5,4.85074626865672,15.50178932277534,18.764280539958683,12.09529627367135,13.919353562860662,24.80117763011234,14.847817545224665,19.167225572197367
46055,Beniarjó,Valencia/Valéncia,1779,15750,18.4,NA,NA,3.93258426966292,14.42,15.060000000000002,12.97071129707113,13.77,29.78,16.580000000000002,16.13
46056,Beniatjar,Valencia/Valéncia,207,15050,NA,NA,NA,NA,25.64,8.57,NA,12.08,28.209999999999997,5.800000000000001,28.499999999999996
46057,Benicolet,Valencia/Valéncia,597,15750,15.4,NA,NA,NA,26.21,9.79,NA,8.88,18.83,13.74,31.99000000000001
46058,Benifairó de les Valls,Valencia/Valéncia,2265,15750,16.6,NA,NA,3.60824742268041,20.66,10.73,8.090614886731391,8.04,22.25,16.64,20.97
46059,Benifairó de la Valldigna,Valencia/Valéncia,1544,17150,11.4,NA,NA,NA,25.26,8.61,8.21256038647343,9.33,26.790000000000003,11.27,24.94
46060,Benifaió,Valencia/Valéncia,11978,17150,18.4,28.2,11.9,3.79004329004329,19.13617200980587,14.53602773256417,11.49653121902874,10.822836032726665,24.700883941130712,14.661386708966438,21.197008682584737
46061,Beniflá,Valencia/Valéncia,464,15400,NA,NA,NA,4.38913857677903,10.08,21.97,NA,8.84,23.26,16.59,10.34
46062,Benigànim,Valencia/Valéncia,5830,15050,18.2,29.6,16.2,2.75689223057644,15.96021304354048,12.407689757043403,10.960757780784844,7.87261063464837,21.087053234251695,13.707337907375644,19.540617495711835
46063,Benimodo,Valencia/Valéncia,2260,17150,16.1,NA,NA,3.18723815662262,15.740000000000002,9.8,11.34020618556701,8.1,22.45,16.24,17.52
46064,Benimuslem,Valencia/Valéncia,652,15750,17.3,NA,NA,NA,16.97,15.52,NA,6.29,19.49,15.03,18.25
46065,Beniparrell,Valencia/Valéncia,2019,17150,14.8,NA,NA,4.09346597206828,13.98,18.11,11.196911196911197,6.04,26.91,14.96,17.29
46066,Benirredrà,Valencia/Valéncia,1552,18550,11.1,NA,NA,4.26829268292683,21.64,14.13,12.06896551724138,8.76,29.32,12.76,24.290000000000003
46067,Benissanó,Valencia/Valéncia,2332,15750,21.3,NA,NA,3.66049708297636,16.509999999999998,16.91,11.34020618556701,11.02,29.030000000000005,15.349999999999998,18.44
46068,Benissoda,Valencia/Valéncia,444,16450,NA,NA,NA,4.34873949579832,20.21,13.91,NA,5.86,23.4,15.32,18.02
46069,Benissuera,Valencia/Valéncia,177,15750,NA,NA,NA,NA,29.630000000000003,10,NA,8.469999999999999,16.669999999999998,8.469999999999999,33.33
46070,Bétera,Valencia/Valéncia,25519,19250,15.6,19,12,5.01412429378531,13.492637653742769,12.694545572466383,11.957635804578066,15.12385438300874,40.465527259833394,18.38276617422313,14.408381598025
46071,Bicorp,Valencia/Valéncia,527,13650,21.9,NA,NA,NA,24.59,18.78,NA,6.069999999999999,16.259999999999998,6.64,36.620000000000005
46072,Bocairent,Valencia/Valéncia,4128,17150,13.1,17.9,13.5,3.18627450980392,24.32489640892666,12.073256467714897,10.154905335628229,3.805174418604651,25.46442786086267,12.95950581395349,24.58825339147287
46073,Bolbaite,Valencia/Valéncia,1339,14350,19.7,NA,NA,NA,21.04,17.28,8.474576271186441,9.19,20.61,12.32,26.06
46074,Bonrepòs i Mirambell,Valencia/Valéncia,3781,17850,14.6,15.4,10.9,5.53861788617886,13.931497899908146,13.501548295292414,10.677618069815194,9.123993652472889,33.60090677839562,20.260489288548005,14.362359164242262
46075,Bufali,Valencia/Valéncia,163,15750,NA,NA,NA,NA,20.28,10.71,NA,2.45,18.18,12.27,23.93
46076,Bugarra,Valencia/Valéncia,733,15050,23.5,NA,NA,NA,24.89,8.48,NA,13.51,20.03,7.37,31.380000000000003
46077,Buñol,Valencia/Valéncia,9414,16450,16.8,23.7,12.2,3.2834337568619,19.611863799561988,15.895566134567686,13.461538461538462,9.006661355428086,26.195802822681607,15.61504886339494,23.540075419587847
46078,Burjassot,Valencia/Valéncia,39028,15050,23.9,31.3,18.1,5,15.198759629278712,20.083336673755745,12.397921306607277,15.817390591370298,27.22477808485396,15.09939018140822,17.897296043865943
46079,Calles,Valencia/Valéncia,375,14350,NA,NA,NA,NA,25.15,20.9,NA,6.93,21.05,8.799999999999999,31.730000000000004
46080,Camporrobles,Valencia/Valéncia,1204,13650,27.5,NA,NA,NA,21.27,14.67,10.81081081081081,10.63,23.76,9.8,28.16
46081,Canals,Valencia/Valéncia,13357,15050,21.1,29.6,12.4,3.07740961011989,19.30597151959117,17.4920356642528,11.659513590844062,11.867507673878864,20.40184462106158,14.539105338025005,19.48777644680692
46082,Canet d'En Berenguer,Valencia/Valéncia,6824,21350,10.6,11.7,7.5,6.52173913043478,17.111657203198313,11.813958197497056,11.428571428571429,11.23980656506448,45.84185460756672,17.71717614302462,17.761827373974207
46083,Carcaixent,Valencia/Valéncia,20552,15050,22.8,33.9,15.4,3.5702951443986,17.851985471429586,16.26676283398443,11.917808219178085,12.47050068119891,24.49408602150041,15.672541358505256,19.082626508369017
46084,Càrcer,Valencia/Valéncia,1826,15750,19.7,NA,NA,2.80144293499117,21.46,10.84,13.247863247863249,8.21,21.21,14.02,21.58
46085,Carlet,Valencia/Valéncia,15810,14350,25.8,38.1,14.8,3.39454177897574,17.644340179514,13.707752195738966,11.531421598535692,14.895423149905122,20.583555510982716,17.369954459203036,19.132271979759643
46086,Carrícola,Valencia/Valéncia,102,NA,NA,NA,NA,NA,25.56,13.04,NA,10.78,27.78,11.76,25.49
46087,Casas Altas,Valencia/Valéncia,130,13650,NA,NA,NA,NA,28.95,9.26,NA,4.62,18.42,12.31,33.08
46088,Casas Bajas,Valencia/Valéncia,164,12950,NA,NA,NA,NA,31.290000000000003,10,NA,2.44,18.37,10.37,35.980000000000004
46089,Casinos,Valencia/Valéncia,2878,15050,20.6,27.6,18.5,3.72766122766123,17.124079457527934,15.495608571869653,10.150375939849624,10.142738012508689,24.064418278952143,14.3836553161918,20.639940931202226
46090,Castelló de Rugat,Valencia/Valéncia,2311,15050,19.8,NA,NA,2.39130434782609,15.670000000000002,9.45,11.447811447811448,16.23,19.5,15.23,19.56
46091,Castellonet de la Conquesta,Valencia/Valéncia,141,21350,NA,NA,NA,NA,19.7,12.33,NA,24.11,27.27,6.38,26.950000000000003
46092,Castielfabib,Valencia/Valéncia,294,14350,NA,NA,NA,NA,23.42,16.939999999999998,NA,8.84,28.249999999999996,8.5,32.31
46093,Catadau,Valencia/Valéncia,2861,15750,18.3,26,15.1,3.10782465016336,17.773580059736133,10.6501638297042,9.54356846473029,11.466878713736458,25.36725753782285,14.433806361412094,19.501702202027268
46094,Catarroja,Valencia/Valéncia,28587,16450,20.6,26,17.7,4.66101694915254,NA,NA,10.741885625965995,NA,NA,NA,NA
46095,Caudete de las Fuentes,Valencia/Valéncia,719,13650,26.6,NA,NA,NA,22.770000000000003,8.39,NA,9.46,23.09,12.659999999999998,31.15
46096,Cerdà,Valencia/Valéncia,348,14350,NA,NA,NA,NA,15.17,16.86,NA,6.32,21.03,16.669999999999998,16.09
46097,Cofrentes,Valencia/Valéncia,1124,19950,6.5,NA,NA,NA,23.56,9.24,NA,6.23,24.46,10.14,27.4
46098,Corbera,Valencia/Valéncia,3096,15050,21.4,27.7,15.6,2.56067961165049,20.16798024662482,15.730594804935505,9.72972972972973,8.335729974160207,22.702422154303353,15.923481912144702,21.60632751937985
46099,Cortes de Pallás,Valencia/Valéncia,773,16450,16.2,NA,NA,NA,26.36,15.62,NA,4.14,20.52,4.79,37.9
46100,Cotes,Valencia/Valéncia,328,15050,NA,NA,NA,NA,22.3,12.05,NA,7.93,15.88,9.76,25.299999999999997
46101,Quart de les Valls,Valencia/Valéncia,1049,16450,13.6,NA,NA,NA,24.3,7.65,NA,8.200000000000001,24.75,15.25,24.5
46102,Quart de Poblet,Valencia/Valéncia,25055,15750,18.9,27,15.7,5.05050505050505,17.53236318701403,19.103777074758973,12.018288700195953,9.67111514667731,23.668328548084883,14.1996391937737,22.024322490520856
46103,Quartell,Valencia/Valéncia,1652,19250,12.8,NA,NA,3.5,24.23,7.239999999999999,10.344827586206897,6.17,29.76,13.560000000000002,26.94
46104,Quatretonda,Valencia/Valéncia,2152,15750,17.1,NA,NA,NA,21.528025240935204,7.881065710645569,10.326086956521738,2.9242704460966538,27.16618180816969,11.057546468401489,26.39660780669145
46105,Cullera,Valencia/Valéncia,22724,15050,25.4,32.6,20.3,4.9231220657277,17.50294341201453,19.840288600754313,10.914927768860354,19.345535117056855,26.390013591129595,13.484468843513469,21.69908026755853
46106,Chelva,Valencia/Valéncia,1600,15750,19.1,NA,NA,3.31974637681159,24.89616449855069,12.268255964094616,NA,5.871,22.43662088496608,10.8742375,30.437225
46107,Chella,Valencia/Valéncia,2457,14350,25.9,NA,NA,2.6123595505618,19.10997371195422,20.36067411951532,10.309278350515465,14.242539682539682,17.52160425537741,12.902560032560032,23.40209198209198
46108,Chera,Valencia/Valéncia,492,14350,NA,NA,NA,NA,25.940000000000005,18.48,NA,6.5,18.18,8.33,34.35
46109,Cheste,Valencia/Valéncia,8879,15750,21.7,30.6,13.6,3.73831775700935,16.76586078458428,12.69832498138357,11.563169164882227,14.901139767991893,24.54650711074464,15.48776438788152,19.065845252843783
46110,Xirivella,Valencia/Valéncia,30254,14350,25.8,36.4,16.9,4.80516194331984,15.04365383762408,19.75440731053535,12.001579155151994,18.90276227936802,23.38494916085375,15.38980597606928,17.945034706154555
46111,Chiva,Valencia/Valéncia,15940,17850,17.5,23.1,14.6,3.69395711500975,13.596872468413403,14.107818011523864,10.843989769820972,14.667358845671268,32.70367111573286,16.40486574654956,15.051601003764116
46112,Chulilla,Valencia/Valéncia,696,15750,21.2,NA,NA,3.15166068922501,22.08,12.989999999999998,NA,14.66,29.020000000000003,8.91,28.88
46113,Daimús,Valencia/Valéncia,3329,17150,18,28,12.9,6.15530303030303,17.086336370782366,13.93757212500822,11.34020618556701,12.614166416341243,31.969274394567258,14.20802042655452,19.10428056473415
46114,Domeño,Valencia/Valéncia,671,17150,14.6,NA,NA,NA,17.79,14.15,NA,7.449999999999999,21.24,13.71,22.21
46115,Dos Aguas,Valencia/Valéncia,314,16450,NA,NA,NA,NA,19.93,18.56,NA,2.23,12.24,8.92,27.389999999999997
46116,"Eliana, l'",Valencia/Valéncia,18417,22750,12,14.2,8.8,5.96065254444313,17.009870748091533,12.275192217354297,11.89127972819932,13.661069663897488,46.32086060554194,15.530048867893797,19.244167345387417
46117,Emperador,Valencia/Valéncia,692,19250,12.2,NA,NA,5.35211267605634,11.58,12.16,NA,8.53,38.79,21.39,11.849999999999998
46118,Enguera,Valencia/Valéncia,4875,15750,18.1,23.4,13.9,3.05144557823129,19.347879231993904,15.285563426497758,11.764705882352942,13.169782564102563,24.065204776050244,12.203474871794873,22.462588717948716
46119,"Ènova, l'",Valencia/Valéncia,911,15750,18.4,NA,NA,NA,23.369999999999997,13.05,NA,4.279999999999999,20.73,12.62,28.43
46120,Estivella,Valencia/Valéncia,1499,18550,12.4,NA,NA,3.4708828886746,22.33,12.39,10.714285714285714,5.540000000000001,33.72,14.540000000000004,23.480000000000004
46121,Estubeny,Valencia/Valéncia,111,16450,NA,NA,NA,NA,25.49,10.2,NA,2.7000000000000006,14.71,8.110000000000001,30.630000000000003
46122,Faura,Valencia/Valéncia,3573,16450,17.5,26.6,13.4,3.69306680161943,20.597075242359654,11.06553499800686,12.955465587044534,10.132275398824516,24.640579554238776,14.810033585222502,20.741385390428213
46123,Favara,Valencia/Valéncia,2554,15050,17.4,NA,NA,3.12954065121194,18.39,15.35,9.785932721712538,12.02,21.039999999999996,14.41,21.1
46124,Fontanars dels Alforins,Valencia/Valéncia,957,16450,13.7,NA,NA,NA,17.52,9.32,NA,4.08,23.72,14.11,21.32
46125,Fortaleny,Valencia/Valéncia,1017,16450,15.2,NA,NA,NA,17.51,14.67,NA,4.33,21.97,14.06,21.73
46126,Foios,Valencia/Valéncia,7502,17850,13.8,18.1,10,4.83644532398198,18.392197163016966,12.903745492809117,11.68122270742358,9.279373500399894,34.097375344953385,17.594888029858705,18.447119434817385
46127,"Font d'En Carròs, la",Valencia/Valéncia,3814,15050,21.6,30,14.7,2.85714285714286,19.895905941837004,14.57234327454808,12.4282982791587,15.31112218143681,24.55807805587481,14.47375458835868,20.607747771368643
46128,"Font de la Figuera, la",Valencia/Valéncia,2028,15050,21.2,NA,NA,2.12318728212526,18.19889216704883,14.978296269128936,NA,9.418165680473374,20.451529299929607,14.644003944773177,22.686696252465488
46129,Fuenterrobles,Valencia/Valéncia,694,12950,32.5,NA,NA,NA,16.03,13.06,NA,13.4,18.03,13.689999999999998,21.18
46130,Gavarda,Valencia/Valéncia,1034,16450,14.4,NA,NA,NA,18.33,11.43,NA,4.26,22.57,15.57,23.02
46131,Gandia,Valencia/Valéncia,75700,14350,27.2,39.1,16.8,4.28571428571429,15.72171781609794,21.24373221305538,12.997630331753555,24.79279577278732,25.686192488769223,15.579582959048876,18.28030277410832
46132,"Genovés, el",Valencia/Valéncia,2792,15050,20.3,27,22.3,2.56404666395365,15.7031617415208,12.87009207817421,9.883720930232558,5.477163323782235,26.80552120305615,15.830408309455589,18.48325931232091
46133,Gestalgar,Valencia/Valéncia,546,15050,22.2,NA,NA,NA,23.72,13.650000000000002,NA,10.07,20.95,7.33,31.86999999999999
46134,Gilet,Valencia/Valéncia,3496,18550,14.8,19.4,13.4,3.81319127270177,12.923070151410416,12.490671306766767,10.20408163265306,13.644473684210524,36.0576420697999,17.418103546910757,14.243555491990849
46135,Godella,Valencia/Valéncia,13078,23450,11.7,13,9.8,4.96540733830846,NA,NA,13.513513513513514,NA,NA,NA,NA
46136,Godelleta,Valencia/Valéncia,3700,16450,19.1,21.6,20.6,3.06030525526288,14.46716302719523,12.409346123564443,9.109730848861284,12.460175675675677,28.83809923550328,17.053716216216213,18.10716216216216
46137,"Granja de la Costera, la",Valencia/Valéncia,281,16450,NA,NA,NA,NA,21.43,5.26,NA,2.85,26.59,10.32,25.27
46138,Guadasséquies,Valencia/Valéncia,459,16450,NA,NA,NA,NA,19.37,11.62,NA,5.66,24.35,16.78,19.17
46139,Guadassuar,Valencia/Valéncia,5929,17150,13.8,17.6,11.9,3.25581395348837,19.5970567266964,8.081213173081407,10.10886469673406,9.814830494181145,25.68691373050652,14.96081126665542,22.01143531792883
46140,Guardamar de la Safor,Valencia/Valéncia,545,19250,17.9,NA,NA,4.98270840917364,12.83,12.079999999999998,NA,12.11,42.26,17.06,12.11
46141,Higueruelas,Valencia/Valéncia,521,16450,14.9,NA,NA,NA,22.88,10.42,NA,7.870000000000001,25,9.4,29.17
46142,Jalance,Valencia/Valéncia,794,17150,16,NA,NA,NA,28.229999999999997,13.14,NA,4.41,20.77,5.419999999999999,37.53
46143,Xeraco,Valencia/Valéncia,5781,15050,20.7,32.6,11.1,3.64492753623188,18.86381466757854,11.460243320484622,11.0062893081761,14.597386265352014,20.222979255795934,13.528469122989105,19.15062964884968
46144,Jarafuel,Valencia/Valéncia,771,15050,18,NA,NA,NA,25.61,18.27,NA,6.870000000000001,18.88,9.34,32.17
46145,Xàtiva,Valencia/Valéncia,29655,16450,20.4,27.8,15.1,3.8142999862202,15.642834884997608,16.487611976731845,12.995518786625302,12.123996965098634,29.724622965064334,14.871313437868825,18.212601584892933
46146,Xeresa,Valencia/Valéncia,2241,17850,13,NA,NA,3.7922358015816,19.76,8.200000000000001,9.40766550522648,11.91,27.36,17.14,19.23
46147,Llíria,Valencia/Valéncia,23808,15750,22.4,32.5,15.3,3.69369369369369,17.2713869710934,18.77060695061939,10.708782742681048,14.869839969758065,27.28310746971019,15.6871530577957,18.488790322580645
46148,Loriguilla,Valencia/Valéncia,2025,18550,13.7,NA,NA,6.78141895619552,13.35,11.63,9.375,9.63,30.459999999999997,18.62,13.68
46149,Losa del Obispo,Valencia/Valéncia,535,15050,24.1,NA,NA,NA,17.76,13.47,NA,18.32,19.3,14.77,21.68
46150,Llutxent,Valencia/Valéncia,2316,15050,18.6,NA,NA,2.23004790127466,19.74643059516545,10.760170393102156,NA,7.5553886010362685,17.564544786689837,14.942085492227978,20.59608376511226
46151,Llocnou d'En Fenollet,Valencia/Valéncia,918,15750,24.2,NA,NA,NA,15.82,12.34,NA,6.1,24.68,13.94,19.83
46152,Llocnou de la Corona,Valencia/Valéncia,126,15750,NA,NA,NA,NA,12.73,21.31,NA,23.81,20,12.7,17.46
46153,Llocnou de Sant Jeroni,Valencia/Valéncia,555,15050,16.1,NA,NA,NA,21.519999999999996,14.390000000000002,NA,7.57,21.930000000000003,12.07,25.77
46154,Llanera de Ranes,Valencia/Valéncia,1054,13650,26,NA,NA,NA,17.1,20.200000000000003,NA,8.16,20.27,16.220000000000002,20.11
46155,Llaurí,Valencia/Valéncia,1164,14350,23.5,NA,NA,NA,22.590000000000003,18.360000000000003,13.79310344827586,9.36,22.1,11,29.47
46156,Llombai,Valencia/Valéncia,2658,15750,18.9,26.6,15.7,3.00462962962963,17.12795263301977,11.709127425227946,12.536443148688049,10.722505643340858,26.31785263053108,15.650571858540255,19.303709556057186
46157,"Llosa de Ranes, la",Valencia/Valéncia,3686,15050,20.6,28.1,21.8,2.46098299557419,15.90363833969301,11.67575106522089,11.065573770491802,7.054275637547477,19.982720298057448,13.50977482365708,20.481752577319583
46158,Macastre,Valencia/Valéncia,1333,15750,22,NA,NA,2.52100840336134,18.13,20.36,10.106382978723405,9.98,22.21,11.85,21.53
46159,Manises,Valencia/Valéncia,31270,15050,21.8,29.6,16.7,5.28846153846154,14.89896643531359,19.921311480133824,12.187159956474428,11.803467220978574,26.585591874148424,15.8587636712504,17.30758234729773
46160,Manuel,Valencia/Valéncia,2449,15050,22,NA,NA,3.43276515151515,18.407992547741035,12.259976119377177,10.762331838565023,8.57469987750102,22.246069059278188,13.716725193956718,21.519783585136793
46161,Marines,Valencia/Valéncia,1877,17150,13.5,NA,NA,NA,15.15,14.89,9.913793103448276,6.819999999999999,25.08,15.24,17.419999999999998
46162,Massalavés,Valencia/Valéncia,1630,13650,26.5,NA,NA,3.10128016313583,19.03,18.18,10.31390134529148,16.07,14.249999999999998,16.5,20.31
46163,Massalfassar,Valencia/Valéncia,2569,19950,11.1,12.9,14.3,4.7329211300147,14.05,11.85,10.632183908045976,8.559999999999999,40.489999999999995,18.57,14.36
46164,Massamagrell,Valencia/Valéncia,16226,15750,18.9,25.1,15.3,4.66666666666667,15.623764032262835,15.76067051008146,11.322596388482186,12.010012325896708,24.543869665098818,16.256703438925182,17.415960803648467
46165,Massanassa,Valencia/Valéncia,9871,17150,17.4,22.3,14.4,4.74820767807585,15.685158475358012,16.15990173403906,11.32300357568534,11.336042954107992,31.124879094189417,16.86795866680174,17.930666599128763
46166,Meliana,Valencia/Valéncia,10919,17150,17.5,21.5,15,4.90196078431372,16.47098567988217,15.171427552447469,11.782945736434108,10.138534664346553,33.63431169426001,16.64861159446836,18.12431175016027
46167,Millares,Valencia/Valéncia,360,15050,NA,NA,NA,NA,27.11,26.229999999999997,NA,3.89,15.160000000000002,4.72,30.280000000000005
46168,Miramar,Valencia/Valéncia,2733,16450,18.1,25.5,15.5,4.38144329896907,17.591029217653865,13.328287238944167,9.01639344262295,16.280347603366266,29.81176261208331,14.084478594950603,20.414870106110502
46169,Mislata,Valencia/Valéncia,44555,16450,20.3,27.3,14.1,5.37037037037037,16.593522229432658,17.748049207048616,12.780211285751095,17.098198406463922,29.045828409890667,14.800069352485693,19.22517001458871
46170,Mogente/Moixent,Valencia/Valéncia,4350,15050,19.5,21.6,20.2,2.79195011337868,15.520767538229316,15.178962177280589,NA,7.033455172413793,18.15743264645642,13.655177011494256,21.03375632183908
46171,Moncada,Valencia/Valéncia,21864,16450,19.6,25.6,16,5.55555555555556,16.9354243600141,15.81228497460165,11.166429587482218,13.007586900841568,30.730841427510857,14.52606522136846,18.89948408342481
46172,Montserrat,Valencia/Valéncia,8665,15750,21.8,27.2,19.9,3.7469806763285,10.736575674900651,17.247029788169783,9.760956175298803,17.150169648009232,27.01979481979924,17.898405077899596,12.532613964223888
46173,Montaverner,Valencia/Valéncia,1629,16450,13.2,NA,NA,2.65889773157923,20.57,12.61,12.91866028708134,6.94,21.790000000000003,14.36,20.56
46174,Montesa,Valencia/Valéncia,1149,15050,17.6,NA,NA,NA,18.88,13.750000000000002,NA,6.01,16.619999999999997,11.49,21.06
46175,Montitxelvo/Montichelvo,Valencia/Valéncia,590,15750,18.3,NA,NA,NA,21.039999999999996,9.89,NA,14.07,18.34,12.2,24.58
46176,Montroi/Montroy,Valencia/Valéncia,3046,14350,25.9,31.9,21.7,3.24786324786325,13.68214277432036,18.46104816258624,9.389671361502348,16.15166447800394,21.698915099809035,14.810551543007223,16.776779382797113
46177,Museros,Valencia/Valéncia,6662,17850,16.1,25.2,9.2,5.12181759587496,15.52352820605996,14.672788276832405,10.86092715231788,12.386358450915642,32.336946601264124,17.325127589312515,15.433026118282797
46178,Nàquera/Náquera,Valencia/Valéncia,7290,17850,17.9,22.9,18.7,4.76190476190476,10.258411894393475,14.15517930470915,10,12.005898491083675,40.73036736074351,16.844266117969827,11.345119341563786
46179,Navarrés,Valencia/Valéncia,2996,14700,22.6,32.8,14.9,2.28432282003711,19.43983276769555,15.172699876842556,9.352517985611511,16.99105140186916,17.112713441479734,15.352373164218958,23.12934913217623
46180,Novelé/Novetlè,Valencia/Valéncia,861,17150,14.8,NA,NA,NA,15.329999999999998,11.64,NA,6.039999999999999,26.8,15.909999999999998,17.419999999999998
46181,Oliva,Valencia/Valéncia,25394,14350,26.1,39,16.3,3.42071123321123,18.253653240428843,18.260589503719967,11.2216474333466,21.70344923997795,23.222623060354515,15.06668701268016,21.185834842876268
46182,Olocau,Valencia/Valéncia,2020,18550,18.8,NA,NA,NA,15.89,18.64,9.965635738831615,15.05,34.83,14.01,18.12
46183,"Olleria, l'",Valencia/Valéncia,8400,15050,20.7,28.3,18.3,2.64880952380952,17.284214799697626,14.781661503434329,11.80773249738767,15.259665476190476,17.50484692656246,14.99092976190476,19.598709523809525
46184,Ontinyent,Valencia/Valéncia,35902,15750,19.7,29.4,12.7,3.38046098728201,17.886587416109197,17.055941659977893,10.552041403105234,12.576223608712606,25.497912656393655,15.077473121274584,18.89065790206674
46185,Otos,Valencia/Valéncia,428,15750,NA,NA,NA,NA,24.93,6.6000000000000005,NA,5.140000000000001,23.87,11.92,28.04
46186,Paiporta,Valencia/Valéncia,26617,16450,17.5,22,17,5,13.1262404444022,15.719172000480658,12.023551286024173,10.1886775369125,30.37731485960323,17.912405981139873,14.753472592703911
46187,Palma de Gandía,Valencia/Valéncia,1669,15050,20.1,NA,NA,NA,21.97,15.14,12.82051282051282,15.04,21.3,11.38,24.81
46188,Palmera,Valencia/Valéncia,1022,15050,17.3,NA,NA,2.9126213592233,13.29,13.489999999999997,NA,17.22,25.97,18.98,13.89
46189,"Palomar, el",Valencia/Valéncia,579,15750,18.6,NA,NA,NA,18.02,12.04,NA,9.67,24.95,12.78,19.34
46190,Paterna,Valencia/Valéncia,71328,17150,20.2,25.7,16.7,5.44554455445545,13.260187191186889,17.210510549645438,12.378808864265928,13.920976755271422,36.34153735380872,19.617793152759084,14.318240803050696
46191,Pedralba,Valencia/Valéncia,2847,14350,28.1,41.3,21.7,3.09278350515464,18.15,16.45,11.19221411192214,18.65,22.06,12.89,22.2
46192,Petrés,Valencia/Valéncia,1009,16450,19.6,NA,NA,3.52890865549093,17.72,11.51,NA,9.22,32.05,14.97,20.61
46193,Picanya,Valencia/Valéncia,11720,19250,13.1,16.6,10.9,4.66919191919192,16.589597582922007,13.204278465112644,12.31945624468989,9.907162969283275,34.32065306989573,16.051430887372014,17.550258532423207
46194,Picassent,Valencia/Valéncia,21543,16450,19.9,25.5,17.3,4.25350991460414,14.901890675576986,16.494104023259762,11.56336725254394,10.523156941930091,27.38683096980427,17.234394466880193,16.99848489068375
46195,Piles,Valencia/Valéncia,2770,16450,18.4,27.3,13.9,3.84615384615385,16.72,12.09,11.46341463414634,19.24,25.8,14.909999999999998,17.69
46196,Pinet,Valencia/Valéncia,158,17150,NA,NA,NA,NA,17.69,9.64,NA,9.49,23.81,6.959999999999999,28.48
46197,Polinyà de Xúquer,Valencia/Valéncia,2514,15750,19.8,NA,NA,3.21085164835165,17.419999999999998,13.03,11.50442477876106,9.07,25.18,15.95,19.61
46198,Potries,Valencia/Valéncia,1056,17850,16,NA,NA,3.16365254872564,20.97,12.16,NA,9.09,30.72,10.61,21.02
46199,"Pobla de Farnals, la",Valencia/Valéncia,8294,17150,16.5,21.1,12.4,5.69736597170514,15.925043061655735,12.781020260440584,10.362257792754844,15.420453339763684,31.95042091811257,15.73480106100796,17.51841451651796
46200,"Pobla del Duc, la",Valencia/Valéncia,2470,15750,17.3,NA,NA,2.99082568807339,22.887472874378147,5.814334354967067,9.70873786407767,14.860728744939273,20.88978178799769,12.791417004048585,23.807935222672064
46201,Puebla de San Miguel,Valencia/Valéncia,59,NA,NA,NA,NA,NA,NA,NA,NA,NA,NA,NA,NA
46202,"Pobla de Vallbona, la",Valencia/Valéncia,25552,18550,17.1,21.5,15.9,4.62626262626263,11.58164961428645,13.777887067350935,11.587848418415284,12.1789582028804,33.82830796123275,19.133457263619285,12.32424467752035
46203,"Pobla Llarga, la",Valencia/Valéncia,4422,16450,16.9,26.2,10.5,3.08858547516948,20.856572298317676,11.413052831383384,13.36405529953917,8.43545906829489,25.112790135237766,14.449547715965624,20.874197195838985
46204,"Puig de Santa Maria, el",Valencia/Valéncia,8716,19250,14.1,17.8,11.6,5.15432098765432,19.417950549320164,14.722545645164049,11.871750433275563,11.36954910509408,35.426296287321726,15.339079853143645,20.947620468104635
46205,Puçol,Valencia/Valéncia,19951,17850,16.1,21.5,12.4,4.92380512583699,16.049825878626248,12.794282571842173,11.438739196746312,14.515291464087014,32.7995915430484,16.52031677610145,17.301956794145656
46206,Quesa,Valencia/Valéncia,669,13650,27.2,NA,NA,1.48184601924759,21.85,18.18,NA,8.219999999999999,16.72,9.72,29.75
46207,Rafelbunyol,Valencia/Valéncia,9344,17150,14.4,17.4,13.1,5.3030303030303,14.710685170754804,13.33220984452324,11.186440677966102,9.548134631849315,33.95781537442154,17.936883561643835,15.282782534246577
46208,Rafelcofer,Valencia/Valéncia,1371,17150,19.4,NA,NA,3.74680450137044,23.799999999999997,16.28,14.3646408839779,11.67,29.2,13.57,22.54
46209,Rafelguaraf,Valencia/Valéncia,2359,15750,18,NA,NA,NA,20.019190743091,10.509738302560752,10.81081081081081,6.106256888512082,17.67506021716253,13.18402713013989,22.30130987706656
46210,Ráfol de Salem,Valencia/Valéncia,448,14350,NA,NA,NA,NA,16.57,11.82,NA,10.71,23.76,19.2,20.979999999999997
46211,"Real de Gandia, el",Valencia/Valéncia,2555,15750,18.5,27.5,11.3,3.63664215686275,16.23,17.06,11.890243902439025,15.15,26.3,14.87,15.97
46212,Real,Valencia/Valéncia,2271,14350,22.8,NA,NA,3.57142857142857,16.33,13.22,11.764705882352942,14.530000000000005,20.880000000000003,13.74,20.48
46213,Requena,Valencia/Valéncia,20444,15050,22,28.2,20.8,3.44827586206897,16.765650432570496,13.887503780655637,11.624649859943975,11.525393758559968,26.41740576082653,15.01021620035218,21.06316425357073
46214,Riba-roja de Túria,Valencia/Valéncia,22931,17850,16.6,20.9,14.2,4.47761194029851,12.260507529467349,15.179270815277173,11.425339366515836,11.49512363176486,33.2431806064237,17.326088264794382,13.453518381230648
46215,Riola,Valencia/Valéncia,1781,15050,20.5,NA,NA,2.93561036599227,16.97,18.67,13.191489361702128,7.36,25.35,15.61,19.88
46216,Rocafort,Valencia/Valéncia,7442,23450,10,9.8,10.5,5.88235294117647,12.753164927254568,11.116545026940102,12.5,11.071648750335932,56.1677104802585,18.94904729911314,13.990192152647138
46217,Rotglà i Corberà,Valencia/Valéncia,1140,15750,17.6,NA,NA,NA,17.61,11.29,NA,7.369999999999999,21.36,13.33,20.09
46218,Ròtova,Valencia/Valéncia,1272,16450,15.8,NA,NA,3.17451472090647,21.84,10.88,10.112359550561798,8.1,24.82,12.89,26.100000000000005
46219,Rugat,Valencia/Valéncia,180,15050,NA,NA,NA,NA,28.050000000000004,5.56,NA,25.56,22.56,8.89,32.22
46220,Sagunto/Sagunt,Valencia/Valéncia,67326,17150,21.1,30.7,12.8,4.48717948717949,17.618950157376652,17.735138956495245,11.984202641971946,16.12749546980364,31.642644482789095,15.166321183495231,21.170071889017617
46221,Salem,Valencia/Valéncia,417,16450,NA,NA,NA,NA,21.92,12.44,NA,6.47,20.27,12.470000000000002,23.74
46222,Sant Joanet,Valencia/Valéncia,519,16450,12.1,NA,NA,NA,15.28,8.82,NA,4.43,30.09,16.76,15.8
46223,Sedaví,Valencia/Valéncia,10352,15750,19.8,24.7,15.7,5.09259259259259,15.834916287162596,17.978727661542962,11.594202898550725,11.100718701700156,26.265671902606424,15.824088098918082,19.88024826120556
46224,Segart,Valencia/Valéncia,177,17150,NA,NA,NA,NA,19.19,15.740000000000002,NA,6.779999999999999,33.14,2.82,24.860000000000003
46225,Sellent,Valencia/Valéncia,381,15050,NA,NA,NA,NA,21.33,11.33,NA,7.610000000000001,20.5,5.25,28.08
46226,Sempere,Valencia/Valéncia,26,NA,NA,NA,NA,NA,NA,NA,NA,NA,NA,NA,NA
46227,Senyera,Valencia/Valéncia,1134,15750,14.9,NA,NA,NA,17.29,10.92,NA,4.590000000000001,21.42,16.84,16.31
46228,Serra,Valencia/Valéncia,3339,17850,18.5,24.7,19.5,3.7109375,14.505008853200003,16.599980835024642,11.176470588235292,11.41360287511231,37.86525084066674,14.734186882300088,16.619604672057502
46229,Siete Aguas,Valencia/Valéncia,1203,15750,24.1,NA,NA,3.163419365722,22.09,16.2,10.582010582010582,13.22,31.480000000000004,11.55,23.52
46230,Silla,Valencia/Valéncia,19216,16450,19.4,25.5,13.6,4.26829268292683,16.53710709105844,18.09109759637912,11.3423517169615,13.60849292256453,25.123822372715303,16.005660387177354,18.656811511240633
46231,Simat de la Valldigna,Valencia/Valéncia,3307,15750,17.7,22.4,13.7,3.31541218637993,21.298663779265844,9.979914420161728,10.57471264367816,16.121375869368006,20.8426791536784,13.093495615361356,22.98436649531297
46232,Sinarcas,Valencia/Valéncia,1105,15050,25.8,NA,NA,2.34777015437393,20.14,13.91,NA,15.57,19.43,11.04,25.61
46233,Sollana,Valencia/Valéncia,4903,16450,16.1,22,13.1,3.58870967741935,18.0055171156833,12.702178174108209,12.652439024390244,10.464947991025902,21.51156053739161,13.808194982663675,20.04937589231083
46234,Sot de Chera,Valencia/Valéncia,371,16450,NA,NA,NA,NA,17.46,19.47,NA,7.01,26.63,8.89,22.37
46235,Sueca,Valencia/Valéncia,27922,15750,20.9,28,17.5,3.6415804024947,15.943754812196945,16.03633798491969,11.211573236889691,11.618276985889262,27.466405076722577,14.505691211231287,20.54275231000645
46236,Sumacàrcer,Valencia/Valéncia,1073,15050,20.3,NA,NA,NA,19.5,10.44,NA,5.779999999999999,22.51,10.16,26.93
46237,Tavernes Blanques,Valencia/Valéncia,9202,16450,18.7,26.4,12.7,4.45544554455445,17.108494356053473,18.245136281212943,13.218390804597702,10.628964355574874,26.777794918875255,14.574355574875026,18.97641164964138
46238,Tavernes de la Valldigna,Valencia/Valéncia,17129,15750,20.2,30.1,13,2.94117647058824,19.291736375533993,14.604093762021051,11.150822015725518,11.034815809445968,26.29742792089268,14.928756494833324,20.941917800221844
46239,Teresa de Cofrentes,Valencia/Valéncia,620,14350,22.7,NA,NA,NA,28.47,21.62,NA,25,17.5,5.970000000000001,43.39
46240,Terrateig,Valencia/Valéncia,274,15750,NA,NA,NA,NA,21.77,11.57,NA,16.42,16.53,9.49,29.2
46241,Titaguas,Valencia/Valéncia,471,15050,NA,NA,NA,NA,27.99,10.14,NA,5.1,25.6,11.25,29.94
46242,Torrebaja,Valencia/Valéncia,403,17150,NA,NA,NA,NA,23.46,12.79,NA,11.410000000000002,31.00999999999999,11.17,30.769999999999992
46243,Torrella,Valencia/Valéncia,136,15750,NA,NA,NA,NA,24.790000000000003,12.7,NA,5.1499999999999995,23.93,13.97,28.68
46244,Torrent,Valencia/Valéncia,84325,15750,23.8,31.2,18.1,5.13722730471499,13.746296012833769,19.53482554326629,11.735814915341864,14.456566498665875,26.815447819560635,17.62831841091017,16.17585413578417
46245,Torres Torres,Valencia/Valéncia,681,17850,18.6,NA,NA,NA,18.18,15.709999999999996,NA,12.92,34.74,9.54,22.91
46246,Tous,Valencia/Valéncia,1285,17150,13.2,NA,NA,NA,17.669999999999998,10.93,NA,3.810000000000001,24.13,14.55,22.8
46247,Tuéjar,Valencia/Valéncia,1170,15050,22,NA,NA,3.07131195645563,24.13,16.79,NA,6.75,18.03,8.97,31.36999999999999
46248,Turís,Valencia/Valéncia,6903,15050,22.1,29.7,19,3.41530054644809,15.4370324425337,13.854344786269609,9.30232558139535,12.820767782123715,24.653463385448465,15.919093147906707,18.773024771838333
46249,Utiel,Valencia/Valéncia,11462,15050,22.5,28.8,22.1,3.5078125,18.000606230272034,12.100260422044732,9.794776119402986,7.991976967370443,24.024179192031493,13.679712964578608,24.05256063514221
46250,València,Valencia/Valéncia,788842,17850,19.3,25.5,12.4,6.5,18.35468592940434,16.432514441372863,12.622697694937688,18.955701395209687,40.38255705431156,13.943861622479533,21.401901876421384
46251,Vallada,Valencia/Valéncia,3090,15750,17,21,18.1,2.16803760282021,21.06810842406367,15.556319501454114,9.045226130653266,7.705543689320388,24.275686474623793,12.300126213592232,24.141135922330093
46252,Vallanca,Valencia/Valéncia,135,15750,NA,NA,NA,NA,32.28,7.41,NA,1.48,22.05,5.93,41.48
46253,Vallés,Valencia/Valéncia,154,12950,NA,NA,NA,NA,14.88,20.51,NA,3.25,25.619999999999997,21.43,16.23
46254,Venta del Moro,Valencia/Valéncia,1189,12250,36.4,NA,NA,NA,21.91,10.67,9.94475138121547,13.62,15.32,9.42,32.629999999999995
46255,Vilallonga/Villalonga,Valencia/Valéncia,4479,15750,18.7,26.6,10.8,3.125,19.498684443573808,15.742331646824198,12.186978297161936,13.330982362134405,23.26670518455487,15.267043983031924,19.555918731859787
46256,Vilamarxant,Valencia/Valéncia,10193,15750,22.2,31,18.6,4.07965127798692,15.61793930913351,19.160290288130465,9.781021897810218,12.16545374276464,23.70589406395854,16.405769645835374,17.74626312175022
46257,Castelló,Valencia/Valéncia,7031,16450,17.2,27.9,10.6,2.96296296296296,20.010550026398946,10.535946054277924,11.021505376344086,10.680085336367512,21.36580565148582,13.854622386573745,20.170475039112503
46258,Villar del Arzobispo,Valencia/Valéncia,3576,15750,20.8,29.4,19.2,2.67804558233601,19.786918738720967,13.819847320775873,12.525252525252526,11.939261744966444,24.789058407116908,13.928657718120808,24.665939597315436
46259,Villargordo del Cabriel,Valencia/Valéncia,588,14350,21,NA,NA,NA,22.99,7.75,NA,10.03,19.84,13.44,30.270000000000003
46260,Vinalesa,Valencia/Valéncia,3484,18550,14.1,17.4,12,4.94402985074627,17.3517167447494,12.162007837977905,12.53481894150418,6.482640642939151,39.056343275605165,18.2864064293915,16.961185419058555
46261,Yátova,Valencia/Valéncia,2115,16450,17.3,NA,NA,3.06128562136573,16.8,14.27,9.77198697068404,6.29,24.130000000000003,11.63,22.88
46262,"Yesa, La",Valencia/Valéncia,230,17150,NA,NA,NA,NA,33.489999999999995,8.93,NA,4.35,33.03,5.220000000000001,36.96000000000001
46263,Zarra,Valencia/Valéncia,367,12950,NA,NA,NA,NA,32.46,16.919999999999998,NA,26.159999999999997,15.07,5.99,43.05
46902,Gátova,Valencia/Valéncia,421,13650,NA,NA,NA,NA,22.37,24.209999999999997,NA,3.8,20,9.74,30.64
46903,San Antonio de Benagéber,Valencia/Valéncia,9455,23450,9.9,10.9,8.8,4.89632026848855,11.95055823807593,9.699603785472178,9.914204003813156,11.295003701745108,50.28462630601469,23.62543945002644,11.635923849814912
46904,Benicull de Xúquer,Valencia/Valéncia,1096,15750,17.4,NA,NA,5.94059405940594,18.02,15.79,NA,9.95,27.19,14.42,16.79
